"Relative","Count","SrcBytes"
"BLDA\CharFace\airi","11","317574"
"BLDA\CharFace\akane","11","441856"
"BLDA\CharFace\akari","10","408770"
"BLDA\CharFace\ako","20","630750"
"BLDA\CharFace\aris","23","733946"
"BLDA\CharFace\arona","44","1299070"
"BLDA\CharFace\aru","18","677726"
"BLDA\CharFace\aru_newyear","21","683586"
"BLDA\CharFace\asuna","10","386292"
"BLDA\CharFace\atsuko","12","278822"
"BLDA\CharFace\ayane","20","665336"
"BLDA\CharFace\ayane_robber","19","653828"
"BLDA\CharFace\azusa","13","481964"
"BLDA\CharFace\azusa_swimsuit","12","551744"
"BLDA\CharFace\BunnyGirl_SR","12","420728"
"BLDA\CharFace\CFID_0\CharID_106","3","21166"
"BLDA\CharFace\CFID_1\CharID_0","34","1073640"
"BLDA\CharFace\CFID_1\CharID_100","44","1130172"
"BLDA\CharFace\CFID_1\CharID_100_1","52","1257514"
"BLDA\CharFace\CFID_1\CharID_100_2","57","800768"
"BLDA\CharFace\CFID_1\CharID_101","26","578402"
"BLDA\CharFace\CFID_1\CharID_101_1","36","792956"
"BLDA\CharFace\CFID_1\CharID_101_2","60","911712"
"BLDA\CharFace\CFID_1\CharID_102","22","285316"
"BLDA\CharFace\CFID_1\CharID_102_1","46","809838"
"BLDA\CharFace\CFID_1\CharID_102_2","41","330474"
"BLDA\CharFace\CFID_1\CharID_103","65","949768"
"BLDA\CharFace\CFID_1\CharID_103_1","48","1302872"
"BLDA\CharFace\CFID_1\CharID_103_2","135","1620460"
"BLDA\CharFace\CFID_1\CharID_106","31","454532"
"BLDA\CharFace\CFID_1\CharID_108","32","655026"
"BLDA\CharFace\CFID_1\CharID_110","21","312344"
"BLDA\CharFace\CFID_1\CharID_112","42","1063368"
"BLDA\CharFace\CFID_1\CharID_114","29","419648"
"BLDA\CharFace\CFID_1\CharID_115","25","502316"
"BLDA\CharFace\CFID_1\CharID_124","33","1229452"
"BLDA\CharFace\CFID_1\CharID_125","49","934862"
"BLDA\CharFace\CFID_1\CharID_126","23","294308"
"BLDA\CharFace\CFID_1\CharID_131","33","512864"
"BLDA\CharFace\CFID_1\CharID_136","36","1231168"
"BLDA\CharFace\CFID_1\CharID_137","58","796060"
"BLDA\CharFace\CFID_1\CharID_148","54","1253700"
"BLDA\CharFace\CFID_1\CharID_154","43","612638"
"BLDA\CharFace\CFID_1\CharID_158","41","1109230"
"BLDA\CharFace\CFID_1\CharID_175","57","1770204"
"BLDA\CharFace\CFID_1\CharID_192","27","918016"
"BLDA\CharFace\CFID_1\CharID_195","37","1187394"
"BLDA\CharFace\CFID_1\CharID_203","38","432516"
"BLDA\CharFace\CFID_1\CharID_207","45","1484530"
"BLDA\CharFace\CFID_1\CharID_228","41","567070"
"BLDA\CharFace\CFID_1\CharID_229","30","502874"
"BLDA\CharFace\CFID_1\CharID_232","46","592792"
"BLDA\CharFace\CFID_1\CharID_232_1","82","1746388"
"BLDA\CharFace\CFID_1\CharID_233","31","503590"
"BLDA\CharFace\CFID_1\CharID_81","67","1431400"
"BLDA\CharFace\CFID_1\CharID_82","37","852934"
"BLDA\CharFace\CFID_1\CharID_84","36","1357800"
"BLDA\CharFace\CFID_1\CharID_84_1","47","790364"
"BLDA\CharFace\CFID_1\CharID_89_1","48","1509040"
"BLDA\CharFace\CFID_1\CharID_99","32","825816"
"BLDA\CharFace\CFID_10\CharID_0-202","152","4289548"
"BLDA\CharFace\CFID_10\CharID_130-177","85","1722746"
"BLDA\CharFace\CFID_10\CharID_130-201","405","15032730"
"BLDA\CharFace\CFID_10\CharID_131-187","89","2493662"
"BLDA\CharFace\CFID_10\CharID_155-208","159","3912084"
"BLDA\CharFace\CFID_10\CharID_156-209","105","3239820"
"BLDA\CharFace\CFID_10\CharID_157-210","265","8249648"
"BLDA\CharFace\CFID_10\CharID_158-211","237","3881314"
"BLDA\CharFace\CFID_10\CharID_175-190","220","4840660"
"BLDA\CharFace\CFID_10\CharID_175-258","160","5347880"
"BLDA\CharFace\CFID_10\CharID_2-203","119","3558658"
"BLDA\CharFace\CFID_10\CharID_3-204","159","3350414"
"BLDA\CharFace\CFID_10\CharID_4-205","213","6574250"
"BLDA\CharFace\CFID_10\CharID_5-195","194","4947608"
"BLDA\CharFace\CFID_10\CharID_6-196","211","6673708"
"BLDA\CharFace\CFID_10\CharID_7-197","109","3194388"
"BLDA\CharFace\CFID_10\CharID_8-198","118","3606596"
"BLDA\CharFace\CFID_10\CharID_94-183","145","4646432"
"BLDA\CharFace\CFID_10\CharID_95-184","79","2542132"
"BLDA\CharFace\CFID_10\CharID_96-185","71","2265638"
"BLDA\CharFace\CFID_10\CharID_97-186","89","2668544"
"BLDA\CharFace\CFID_2\CharID_104_1","21","136402"
"BLDA\CharFace\CFID_2\CharID_104_2","50","1242830"
"BLDA\CharFace\CFID_2\CharID_93","9","225850"
"BLDA\CharFace\CFID_2\CharID_93_1","12","379802"
"BLDA\CharFace\CFID_2\CharID_93_2","9","132654"
"BLDA\CharFace\CFID_2\CharID_93_3","32","492742"
"BLDA\CharFace\CFID_2\CharID_93-246","53","530348"
"BLDA\CharFace\CFID_2\CharID_94","26","398484"
"BLDA\CharFace\CFID_3\CharID_10_1","33","956348"
"BLDA\CharFace\CFID_3\CharID_10_2","33","878094"
"BLDA\CharFace\CFID_3\CharID_10_3","33","782706"
"BLDA\CharFace\CFID_4\CharID_104","19","291012"
"BLDA\CharFace\CFID_4\CharID_105","28","439980"
"BLDA\CharFace\CFID_4\CharID_119","74","1399240"
"BLDA\CharFace\CFID_4\CharID_130","31","679596"
"BLDA\CharFace\CFID_4\CharID_131","10","153656"
"BLDA\CharFace\CFID_4\CharID_132","17","209078"
"BLDA\CharFace\CFID_4\CharID_134","41","669848"
"BLDA\CharFace\CFID_4\CharID_135","31","451028"
"BLDA\CharFace\CFID_4\CharID_152","23","310696"
"BLDA\CharFace\CFID_4\CharID_156","55","868282"
"BLDA\CharFace\CFID_4\CharID_157","7","103932"
"BLDA\CharFace\CFID_4\CharID_158","8","117086"
"BLDA\CharFace\CFID_4\CharID_167","33","528272"
"BLDA\CharFace\CFID_4\CharID_167_REPAIR","10","159652"
"BLDA\CharFace\CFID_4\CharID_173","58","1045754"
"BLDA\CharFace\CFID_4\CharID_175","9","163362"
"BLDA\CharFace\CFID_4\CharID_176","24","485984"
"BLDA\CharFace\CFID_4\CharID_182","44","723654"
"BLDA\CharFace\CFID_4\CharID_224","41","668832"
"BLDA\CharFace\CFID_4\CharID_224_REPAIR","18","289594"
"BLDA\CharFace\CFID_4\CharID_225","38","675676"
"BLDA\CharFace\CFID_4\CharID_226","30","503942"
"BLDA\CharFace\CFID_4\CharID_226_REPAIR","19","326134"
"BLDA\CharFace\CFID_4\CharID_228","36","592044"
"BLDA\CharFace\CFID_4\CharID_230","113","1477558"
"BLDA\CharFace\CFID_4\CharID_234","28","386224"
"BLDA\CharFace\CFID_4\CharID_6","47","726996"
"BLDA\CharFace\CFID_4\CharID_68","3","41380"
"BLDA\CharFace\CFID_5\CharID_0_OLD","8","239440"
"BLDA\CharFace\CFID_5\CharID_108_OLD","8","200690"
"BLDA\CharFace\CFID_5\CharID_110_OLD","8","292934"
"BLDA\CharFace\CFID_5\CharID_119_OLD","9","231146"
"BLDA\CharFace\CFID_5\CharID_131_OLD","12","364130"
"BLDA\CharFace\CFID_5\CharID_145_OLD","11","343234"
"BLDA\CharFace\CFID_5\CharID_153_OLD","11","342314"
"BLDA\CharFace\CFID_5\CharID_154_OLD","9","262180"
"BLDA\CharFace\CFID_5\CharID_159_OLD","7","191274"
"BLDA\CharFace\CFID_5\CharID_160_OLD","14","542576"
"BLDA\CharFace\CFID_5\CharID_184_OLD","9","339270"
"BLDA\CharFace\CFID_5\CharID_202_OLD","11","234962"
"BLDA\CharFace\CFID_5\CharID_222_OLD","9","268440"
"BLDA\CharFace\CFID_5\CharID_230_OLD","15","534830"
"BLDA\CharFace\CFID_5\CharID_40_1_OLD","12","445506"
"BLDA\CharFace\CFID_5\CharID_40_2_OLD","11","392892"
"BLDA\CharFace\CFID_5\CharID_40_3_OLD","16","553552"
"BLDA\CharFace\CFID_5\CharID_40_4_OLD","8","342390"
"BLDA\CharFace\CFID_5\CharID_40_5_OLD","8","199446"
"BLDA\CharFace\CFID_5\CharID_40_6_OLD","10","164962"
"BLDA\CharFace\CFID_5\CharID_82_OLD","12","561660"
"BLDA\CharFace\CFID_6\CharID_0","36","1154650"
"BLDA\CharFace\CFID_6\CharID_10","28","773594"
"BLDA\CharFace\CFID_6\CharID_100-267","215","5831394"
"BLDA\CharFace\CFID_6\CharID_104","235","6207032"
"BLDA\CharFace\CFID_6\CharID_104-173","185","5051268"
"BLDA\CharFace\CFID_6\CharID_104-239","388","8387064"
"BLDA\CharFace\CFID_6\CharID_105","131","3127902"
"BLDA\CharFace\CFID_6\CharID_105-140","252","6250110"
"BLDA\CharFace\CFID_6\CharID_105-262","473","11746242"
"BLDA\CharFace\CFID_6\CharID_105-269","208","5735720"
"BLDA\CharFace\CFID_6\CharID_106","198","2786042"
"BLDA\CharFace\CFID_6\CharID_106-271","241","7062842"
"BLDA\CharFace\CFID_6\CharID_107-206","113","3638376"
"BLDA\CharFace\CFID_6\CharID_111-146","75","2223942"
"BLDA\CharFace\CFID_6\CharID_112-167","184","3866970"
"BLDA\CharFace\CFID_6\CharID_113-156","72","2921064"
"BLDA\CharFace\CFID_6\CharID_113-248","574","16982248"
"BLDA\CharFace\CFID_6\CharID_117","108","3038730"
"BLDA\CharFace\CFID_6\CharID_120-179","127","4299102"
"BLDA\CharFace\CFID_6\CharID_121","46","1198902"
"BLDA\CharFace\CFID_6\CharID_123-145","120","3842976"
"BLDA\CharFace\CFID_6\CharID_124","96","3469560"
"BLDA\CharFace\CFID_6\CharID_125","112","2929886"
"BLDA\CharFace\CFID_6\CharID_130","299","8990992"
"BLDA\CharFace\CFID_6\CharID_130-247","310","8584626"
"BLDA\CharFace\CFID_6\CharID_130-255","494","9137640"
"BLDA\CharFace\CFID_6\CharID_131","237","7134656"
"BLDA\CharFace\CFID_6\CharID_131-214","444","13923456"
"BLDA\CharFace\CFID_6\CharID_131-256","473","8694550"
"BLDA\CharFace\CFID_6\CharID_132-215","189","5784522"
"BLDA\CharFace\CFID_6\CharID_132-257","387","8882186"
"BLDA\CharFace\CFID_6\CharID_134","135","4419352"
"BLDA\CharFace\CFID_6\CharID_135","109","3605050"
"BLDA\CharFace\CFID_6\CharID_135-139","205","7022572"
"BLDA\CharFace\CFID_6\CharID_136","112","4959780"
"BLDA\CharFace\CFID_6\CharID_136-194","66","2318094"
"BLDA\CharFace\CFID_6\CharID_137-142","86","2987820"
"BLDA\CharFace\CFID_6\CharID_137-207","171","5161670"
"BLDA\CharFace\CFID_6\CharID_139-157","65","2304944"
"BLDA\CharFace\CFID_6\CharID_140","119","3254674"
"BLDA\CharFace\CFID_6\CharID_141","98","2354768"
"BLDA\CharFace\CFID_6\CharID_141-216","326","9407540"
"BLDA\CharFace\CFID_6\CharID_142-144","83","2599788"
"BLDA\CharFace\CFID_6\CharID_143-213","77","2397420"
"BLDA\CharFace\CFID_6\CharID_147-243","65","1739670"
"BLDA\CharFace\CFID_6\CharID_148-231","245","4939748"
"BLDA\CharFace\CFID_6\CharID_148-260","646","8539308"
"BLDA\CharFace\CFID_6\CharID_150-188","80","1848512"
"BLDA\CharFace\CFID_6\CharID_150-200","229","8435050"
"BLDA\CharFace\CFID_6\CharID_150-264","412","7492646"
"BLDA\CharFace\CFID_6\CharID_151","151","3870530"
"BLDA\CharFace\CFID_6\CharID_152-189","111","2451958"
"BLDA\CharFace\CFID_6\CharID_154-192","147","4568180"
"BLDA\CharFace\CFID_6\CharID_154-242","73","1161930"
"BLDA\CharFace\CFID_6\CharID_155","91","2678964"
"BLDA\CharFace\CFID_6\CharID_155-162","84","2099124"
"BLDA\CharFace\CFID_6\CharID_156","58","1802746"
"BLDA\CharFace\CFID_6\CharID_156-218","58","1756848"
"BLDA\CharFace\CFID_6\CharID_157","110","3791944"
"BLDA\CharFace\CFID_6\CharID_159","116","3735620"
"BLDA\CharFace\CFID_6\CharID_160","78","3171450"
"BLDA\CharFace\CFID_6\CharID_162","146","4536342"
"BLDA\CharFace\CFID_6\CharID_162_0","124","3394538"
"BLDA\CharFace\CFID_6\CharID_162-252","217","2917164"
"BLDA\CharFace\CFID_6\CharID_167-155","113","3197930"
"BLDA\CharFace\CFID_6\CharID_167-172","90","3386092"
"BLDA\CharFace\CFID_6\CharID_167-250","274","7250916"
"BLDA\CharFace\CFID_6\CharID_171-180","104","3899516"
"BLDA\CharFace\CFID_6\CharID_172","77","2759282"
"BLDA\CharFace\CFID_6\CharID_172_0","79","2682946"
"BLDA\CharFace\CFID_6\CharID_172-178","95","3137012"
"BLDA\CharFace\CFID_6\CharID_173-168","195","5850532"
"BLDA\CharFace\CFID_6\CharID_173-169","161","4757174"
"BLDA\CharFace\CFID_6\CharID_173-240","222","5742162"
"BLDA\CharFace\CFID_6\CharID_173-249","243","6460696"
"BLDA\CharFace\CFID_6\CharID_174-219","138","4398668"
"BLDA\CharFace\CFID_6\CharID_175","107","2631478"
"BLDA\CharFace\CFID_6\CharID_175-147","100","2428900"
"BLDA\CharFace\CFID_6\CharID_175-150","145","4513650"
"BLDA\CharFace\CFID_6\CharID_175-245","246","6705592"
"BLDA\CharFace\CFID_6\CharID_175-270","254","5049746"
"BLDA\CharFace\CFID_6\CharID_176","97","3405886"
"BLDA\CharFace\CFID_6\CharID_176-253","240","4742872"
"BLDA\CharFace\CFID_6\CharID_178-160","119","3625156"
"BLDA\CharFace\CFID_6\CharID_179-161","93","2605464"
"BLDA\CharFace\CFID_6\CharID_181-174","92","3008950"
"BLDA\CharFace\CFID_6\CharID_184-181","93","3523922"
"BLDA\CharFace\CFID_6\CharID_187-233","64","1998326"
"BLDA\CharFace\CFID_6\CharID_188","58","2350304"
"BLDA\CharFace\CFID_6\CharID_190","107","4303324"
"BLDA\CharFace\CFID_6\CharID_191","102","2795522"
"BLDA\CharFace\CFID_6\CharID_192-199","75","2511640"
"BLDA\CharFace\CFID_6\CharID_2","96","2744142"
"BLDA\CharFace\CFID_6\CharID_20-265","680","10546666"
"BLDA\CharFace\CFID_6\CharID_202-176","148","2566998"
"BLDA\CharFace\CFID_6\CharID_202-212","263","5108786"
"BLDA\CharFace\CFID_6\CharID_212","36","794144"
"BLDA\CharFace\CFID_6\CharID_213","56","1758118"
"BLDA\CharFace\CFID_6\CharID_215-175","48","1539430"
"BLDA\CharFace\CFID_6\CharID_216","36","535554"
"BLDA\CharFace\CFID_6\CharID_216-148","127","3772316"
"BLDA\CharFace\CFID_6\CharID_224-154","106","3112208"
"BLDA\CharFace\CFID_6\CharID_225-191","192","5979710"
"BLDA\CharFace\CFID_6\CharID_226-228","241","7024812"
"BLDA\CharFace\CFID_6\CharID_226-230","233","5790462"
"BLDA\CharFace\CFID_6\CharID_226-261","449","12648990"
"BLDA\CharFace\CFID_6\CharID_226-263","468","9178250"
"BLDA\CharFace\CFID_6\CharID_227","149","3957504"
"BLDA\CharFace\CFID_6\CharID_229-241","240","6248762"
"BLDA\CharFace\CFID_6\CharID_230","125","3384158"
"BLDA\CharFace\CFID_6\CharID_230-193","192","6009286"
"BLDA\CharFace\CFID_6\CharID_233-149","123","3220016"
"BLDA\CharFace\CFID_6\CharID_234-141","103","2274294"
"BLDA\CharFace\CFID_6\CharID_235","142","4461836"
"BLDA\CharFace\CFID_6\CharID_235_0","137","3436180"
"BLDA\CharFace\CFID_6\CharID_235-254","297","3953836"
"BLDA\CharFace\CFID_6\CharID_237","84","2282166"
"BLDA\CharFace\CFID_6\CharID_241-271","686","9639190"
"BLDA\CharFace\CFID_6\CharID_244","155","2481954"
"BLDA\CharFace\CFID_6\CharID_245-266","444","8568290"
"BLDA\CharFace\CFID_6\CharID_25-267","620","9636882"
"BLDA\CharFace\CFID_6\CharID_250-227","40","1077896"
"BLDA\CharFace\CFID_6\CharID_252-232","720","10606214"
"BLDA\CharFace\CFID_6\CharID_26-269","431","4383670"
"BLDA\CharFace\CFID_6\CharID_261-268","360","5130252"
"BLDA\CharFace\CFID_6\CharID_27-270","440","5859450"
"BLDA\CharFace\CFID_6\CharID_29-272","453","8342914"
"BLDA\CharFace\CFID_6\CharID_3","144","3350416"
"BLDA\CharFace\CFID_6\CharID_3_0","159","4539698"
"BLDA\CharFace\CFID_6\CharID_30-272","46","474124"
"BLDA\CharFace\CFID_6\CharID_33-217","145","3913200"
"BLDA\CharFace\CFID_6\CharID_4","136","5070074"
"BLDA\CharFace\CFID_6\CharID_5","95","2241234"
"BLDA\CharFace\CFID_6\CharID_6","156","5160488"
"BLDA\CharFace\CFID_6\CharID_68-251","224","3134086"
"BLDA\CharFace\CFID_6\CharID_69-151","244","6122276"
"BLDA\CharFace\CFID_6\CharID_7","130","3864902"
"BLDA\CharFace\CFID_6\CharID_76","387","10493664"
"BLDA\CharFace\CFID_6\CharID_8","104","3505980"
"BLDA\CharFace\CFID_6\CharID_82-143","172","5444240"
"BLDA\CharFace\CFID_6\CharID_83-182","103","2939262"
"BLDA\CharFace\CFID_6\CharID_84-166","90","3416068"
"BLDA\CharFace\CFID_6\CharID_84-170","113","2965880"
"BLDA\CharFace\CFID_6\CharID_87","73","2866560"
"BLDA\CharFace\CFID_6\CharID_88","88","3157944"
"BLDA\CharFace\CFID_6\CharID_89-273","234","7209992"
"BLDA\CharFace\CFID_6\CharID_9","28","660466"
"BLDA\CharFace\CFID_6\CharID_92","74","1557578"
"BLDA\CharFace\CFID_6\CharID_93-153","116","2873074"
"BLDA\CharFace\CFID_6\CharID_93-234","305","7367826"
"BLDA\CharFace\CFID_6\CharID_94-152","105","3535698"
"BLDA\CharFace\CFID_6\CharID_94-158","91","2272116"
"BLDA\CharFace\CFID_6\CharID_94-235","287","8080260"
"BLDA\CharFace\CFID_6\CharID_94-259","416","7324400"
"BLDA\CharFace\CFID_6\CharID_95","99","3355846"
"BLDA\CharFace\CFID_6\CharID_95-163","142","3693136"
"BLDA\CharFace\CFID_6\CharID_95-236","277","8668956"
"BLDA\CharFace\CFID_6\CharID_96","79","2834532"
"BLDA\CharFace\CFID_6\CharID_96-164","88","2654812"
"BLDA\CharFace\CFID_6\CharID_96-237","288","10890604"
"BLDA\CharFace\CFID_6\CharID_97","70","2925112"
"BLDA\CharFace\CFID_6\CharID_97-159","66","2222068"
"BLDA\CharFace\CFID_6\CharID_97-238","278","10001548"
"BLDA\CharFace\CFID_6\CharID_98","65","2088798"
"BLDA\CharFace\CFID_6\CharID_99","321","8214268"
"BLDA\CharFace\CFID_6\CharID_99-229","443","8830484"
"BLDA\CharFace\CFID_6\CharID_99-244","297","7755128"
"BLDA\CharFace\CFID_6\CharID_99-268","478","13915984"
"BLDA\CharFace\CFID_7\CharID_151","25","453404"
"BLDA\CharFace\CFID_7\CharID_5","55","766768"
"BLDA\CharFace\CFID_8\CharID_115-165","125","3290726"
"BLDA\CharFace\CFID_9\CharID_84-171","58","1829082"
"BLDA\CharFace\CH0058","14","522114"
"BLDA\CharFace\CH0060","14","532076"
"BLDA\CharFace\CH0063","14","369204"
"BLDA\CharFace\CH0064","13","405966"
"BLDA\CharFace\CH0066","33","990496"
"BLDA\CharFace\CH0069","33","1056476"
"BLDA\CharFace\CH0070","13","313490"
"BLDA\CharFace\CH0071","24","666724"
"BLDA\CharFace\CH0079","18","458102"
"BLDA\CharFace\CH0080","15","493200"
"BLDA\CharFace\CH0082","10","285672"
"BLDA\CharFace\CH0086","11","322316"
"BLDA\CharFace\CH0087","16","516606"
"BLDA\CharFace\CH0088","11","455368"
"BLDA\CharFace\CH0089","19","517478"
"BLDA\CharFace\CH0092","26","710992"
"BLDA\CharFace\CH0095","11","283472"
"BLDA\CharFace\CH0098","12","407424"
"BLDA\CharFace\CH0099","10","391828"
"BLDA\CharFace\CH0100","11","377362"
"BLDA\CharFace\CH0101","13","557806"
"BLDA\CharFace\CH0107","21","717648"
"BLDA\CharFace\CH0109","16","503018"
"BLDA\CharFace\CH0110","22","648320"
"BLDA\CharFace\CH0113","12","377828"
"BLDA\CharFace\CH0114","11","346712"
"BLDA\CharFace\CH0123","13","455766"
"BLDA\CharFace\CH0124","20","829796"
"BLDA\CharFace\CH0125","13","557920"
"BLDA\CharFace\CH0135","11","366918"
"BLDA\CharFace\CH0137","16","474976"
"BLDA\CharFace\CH0138","20","584714"
"BLDA\CharFace\CH0139","22","555326"
"BLDA\CharFace\CH0141","14","579606"
"BLDA\CharFace\CH0144","32","984964"
"BLDA\CharFace\CH0145","16","415776"
"BLDA\CharFace\CH0152","13","438290"
"BLDA\CharFace\CH0155","11","405642"
"BLDA\CharFace\CH0156","11","258096"
"BLDA\CharFace\CH0157","25","751752"
"BLDA\CharFace\CH0158","13","194904"
"BLDA\CharFace\CH0159","15","404764"
"BLDA\CharFace\CH0160","10","320860"
"BLDA\CharFace\CH0161","18","451388"
"BLDA\CharFace\CH0162","15","565174"
"BLDA\CharFace\CH0163","13","439690"
"BLDA\CharFace\CH0164","29","871484"
"BLDA\CharFace\CH0165","40","1183902"
"BLDA\CharFace\CH0166","27","791928"
"BLDA\CharFace\CH0167","22","710674"
"BLDA\CharFace\CH0169","27","772636"
"BLDA\CharFace\CH0170","12","376214"
"BLDA\CharFace\CH0171","19","482266"
"BLDA\CharFace\CH0172","16","576128"
"BLDA\CharFace\CH0173","16","511686"
"BLDA\CharFace\CH0174","20","728774"
"BLDA\CharFace\CH0175","19","609530"
"BLDA\CharFace\CH0176","20","672042"
"BLDA\CharFace\CH0177","22","780488"
"BLDA\CharFace\CH0178","18","642006"
"BLDA\CharFace\CH0179","15","530480"
"BLDA\CharFace\CH0180","13","453506"
"BLDA\CharFace\CH0181","25","741320"
"BLDA\CharFace\CH0182","19","678124"
"BLDA\CharFace\CH0183","12","521020"
"BLDA\CharFace\CH0184","19","409362"
"BLDA\CharFace\CH0185","24","1008998"
"BLDA\CharFace\CH0186","13","445776"
"BLDA\CharFace\CH0187","11","449584"
"BLDA\CharFace\CH0188","10","384848"
"BLDA\CharFace\CH0189","21","647564"
"BLDA\CharFace\CH0190","14","431020"
"BLDA\CharFace\CH0191","17","656468"
"BLDA\CharFace\CH0192","21","697074"
"BLDA\CharFace\CH0193","18","653726"
"BLDA\CharFace\CH0194","14","486096"
"BLDA\CharFace\CH0195","13","379072"
"BLDA\CharFace\CH0196","16","610390"
"BLDA\CharFace\CH0197","14","482216"
"BLDA\CharFace\CH0198","19","673454"
"BLDA\CharFace\CH0199","12","480682"
"BLDA\CharFace\CH0200","13","465178"
"BLDA\CharFace\CH0201","15","527708"
"BLDA\CharFace\CH0202","17","586072"
"BLDA\CharFace\CH0203","14","444700"
"BLDA\CharFace\CH0204","33","741126"
"BLDA\CharFace\CH0205","24","860946"
"BLDA\CharFace\CH0209","12","431364"
"BLDA\CharFace\CH0210","16","498220"
"BLDA\CharFace\CH0211","11","399922"
"BLDA\CharFace\CH0212","33","971320"
"BLDA\CharFace\CH0213","17","653900"
"BLDA\CharFace\CH0214","13","404970"
"BLDA\CharFace\CH0215","29","976124"
"BLDA\CharFace\CH0216","33","1085338"
"BLDA\CharFace\CH0217","33","1088004"
"BLDA\CharFace\CH0218","31","984264"
"BLDA\CharFace\CH0219","12","418322"
"BLDA\CharFace\CH0220","15","455088"
"BLDA\CharFace\CH0221","14","433806"
"BLDA\CharFace\CH0222","21","386380"
"BLDA\CharFace\CH0223","33","1215318"
"BLDA\CharFace\CH0224","19","529330"
"BLDA\CharFace\CH0225","20","482218"
"BLDA\CharFace\CH0226","21","596082"
"BLDA\CharFace\CH0227","28","953980"
"BLDA\CharFace\CH0228","17","581832"
"BLDA\CharFace\CH0229","22","698562"
"BLDA\CharFace\CH0230","22","700236"
"BLDA\CharFace\CH0231","18","551168"
"BLDA\CharFace\CH0232","16","520136"
"BLDA\CharFace\CH0233","18","437866"
"BLDA\CharFace\CH0234","15","435540"
"BLDA\CharFace\CH0235","16","416688"
"BLDA\CharFace\CH0236","16","557372"
"BLDA\CharFace\CH0238","18","496208"
"BLDA\CharFace\CH0239","12","296208"
"BLDA\CharFace\CH0240","22","809484"
"BLDA\CharFace\CH0241","50","1452716"
"BLDA\CharFace\CH0242","20","653690"
"BLDA\CharFace\CH0243","23","677094"
"BLDA\CharFace\CH0244","15","442798"
"BLDA\CharFace\CH0245","23","728230"
"BLDA\CharFace\CH0246","15","490186"
"BLDA\CharFace\CH0247","15","387140"
"BLDA\CharFace\CH0248","14","394658"
"BLDA\CharFace\CH0249","15","483908"
"BLDA\CharFace\CH0250","22","673258"
"BLDA\CharFace\CH0251","17","474608"
"BLDA\CharFace\CH0252","16","341004"
"BLDA\CharFace\CH0253","20","672582"
"BLDA\CharFace\CH0254","15","367974"
"BLDA\CharFace\CH0255","14","438786"
"BLDA\CharFace\CH0256","19","662278"
"BLDA\CharFace\CH0257","13","372300"
"BLDA\CharFace\CH0258","85","2504744"
"BLDA\CharFace\CH0259","39","1035180"
"BLDA\CharFace\CH0260","29","995692"
"BLDA\CharFace\CH0261","18","714688"
"BLDA\CharFace\CH0262","17","572894"
"BLDA\CharFace\CH0263","12","449264"
"BLDA\CharFace\CH0264","23","627144"
"BLDA\CharFace\CH0265","20","507232"
"BLDA\CharFace\CH0266","37","1169632"
"BLDA\CharFace\CH0267","35","983412"
"BLDA\CharFace\CH0268","13","403686"
"BLDA\CharFace\CH0269","21","793822"
"BLDA\CharFace\CH0270","16","452402"
"BLDA\CharFace\CH0271","15","464556"
"BLDA\CharFace\CH0272","24","634212"
"BLDA\CharFace\CH0273","37","915960"
"BLDA\CharFace\CH0274","45","1357926"
"BLDA\CharFace\CH0275","33","1102202"
"BLDA\CharFace\CH0276","41","1146298"
"BLDA\CharFace\CH0277","27","746252"
"BLDA\CharFace\CH0278","33","982684"
"BLDA\CharFace\CH0279","19","547420"
"BLDA\CharFace\CH0280","28","950350"
"BLDA\CharFace\CH0283","27","771846"
"BLDA\CharFace\CH0284","24","694910"
"BLDA\CharFace\CH0285","14","383480"
"BLDA\CharFace\CH0286","16","500364"
"BLDA\CharFace\CH0287","15","460766"
"BLDA\CharFace\CH0288","31","802466"
"BLDA\CharFace\CH0289","24","384620"
"BLDA\CharFace\CH0290","22","668980"
"BLDA\CharFace\CH0291","16","502212"
"BLDA\CharFace\CH0292","28","907490"
"BLDA\CharFace\CH0293","47","1531572"
"BLDA\CharFace\CH0294","32","733658"
"BLDA\CharFace\CH0295","19","628188"
"BLDA\CharFace\CH0296","17","455798"
"BLDA\CharFace\CH0297","18","497388"
"BLDA\CharFace\CH0298","17","481772"
"BLDA\CharFace\CH0300","28","651378"
"BLDA\CharFace\CH0301","23","659228"
"BLDA\CharFace\CH0302","30","1029700"
"BLDA\CharFace\CH0303","18","375140"
"BLDA\CharFace\CH0304","55","1466738"
"BLDA\CharFace\CH0305","33","1196730"
"BLDA\CharFace\CH0306","27","744014"
"BLDA\CharFace\CH0307","19","484396"
"BLDA\CharFace\CH0308","12","334868"
"BLDA\CharFace\CH0309","31","904992"
"BLDA\CharFace\CH0310","18","394026"
"BLDA\CharFace\CH0311","18","337994"
"BLDA\CharFace\CH0312","17","434542"
"BLDA\CharFace\CH0313","15","457304"
"BLDA\CharFace\CH0314","20","607546"
"BLDA\CharFace\CH0316","21","605444"
"BLDA\CharFace\CH0317","41","1182848"
"BLDA\CharFace\CH0318","38","1043970"
"BLDA\CharFace\CH0319","34","1102976"
"BLDA\CharFace\CH0323","19","506616"
"BLDA\CharFace\CH0324","26","658744"
"BLDA\CharFace\CH0325","27","798034"
"BLDA\CharFace\CH0326","28","1039420"
"BLDA\CharFace\CH0327","24","755840"
"BLDA\CharFace\CH0328","19","554782"
"BLDA\CharFace\CH0329","17","535566"
"BLDA\CharFace\CH0331","18","406658"
"BLDA\CharFace\CH0332","14","458434"
"BLDA\CharFace\CH0333","11","356104"
"BLDA\CharFace\CH0334","24","789376"
"BLDA\CharFace\CH0335","37","959088"
"BLDA\CharFace\CH0335_noweapon","36","931282"
"BLDA\CharFace\CH0336","15","456146"
"BLDA\CharFace\CH0337","22","593968"
"BLDA\CharFace\CH9996","18","488122"
"BLDA\CharFace\CH9997","15","422860"
"BLDA\CharFace\CH9998","22","646300"
"BLDA\CharFace\CH9999","18","608214"
"BLDA\CharFace\cherino","21","690724"
"BLDA\CharFace\chinatsu","11","442936"
"BLDA\CharFace\chise","13","434384"
"BLDA\CharFace\citizen_borot1","15","226036"
"BLDA\CharFace\Cook_GenbuStore_SG","12","372414"
"BLDA\CharFace\eimi","10","365512"
"BLDA\CharFace\erika","19","668562"
"BLDA\CharFace\fuuka","12","498278"
"BLDA\CharFace\fuuki_normal1","9","192192"
"BLDA\CharFace\hanae","10","395630"
"BLDA\CharFace\hanako","10","340796"
"BLDA\CharFace\hare","9","234450"
"BLDA\CharFace\haruka","17","475346"
"BLDA\CharFace\haruna","12","416850"
"BLDA\CharFace\hasumi","12","405332"
"BLDA\CharFace\hibiki","17","652250"
"BLDA\CharFace\hihumi","16","513920"
"BLDA\CharFace\hihumi_robber","10","183342"
"BLDA\CharFace\hina","24","782008"
"BLDA\CharFace\hinata","9","283948"
"BLDA\CharFace\hiyori","15","409482"
"BLDA\CharFace\hoshino","21","669230"
"BLDA\CharFace\hoshino_robber","10","284168"
"BLDA\CharFace\hoshino_swimsuit","25","773036"
"BLDA\CharFace\ibuki","21","822788"
"BLDA\CharFace\iori","11","387746"
"BLDA\CharFace\izumi","13","507482"
"BLDA\CharFace\izumi_swimsuit","14","475510"
"BLDA\CharFace\izuna","11","404004"
"BLDA\CharFace\juri","16","564878"
"BLDA\CharFace\Justice_normal1","7","121782"
"BLDA\CharFace\kaede","18","660742"
"BLDA\CharFace\karin","10","292480"
"BLDA\CharFace\kayoko","11","333292"
"BLDA\CharFace\kazusa","17","539866"
"BLDA\CharFace\kirara","15","647368"
"BLDA\CharFace\kirino","13","543924"
"BLDA\CharFace\koharu","16","556504"
"BLDA\CharFace\kotama","10","351650"
"BLDA\CharFace\kotori","10","387834"
"BLDA\CharFace\mai","10","412086"
"BLDA\CharFace\maki","11","315148"
"BLDA\CharFace\mari","13","326442"
"BLDA\CharFace\marina","16","385508"
"BLDA\CharFace\mashiro","10","270228"
"BLDA\CharFace\mashiro_swimsuit","11","364700"
"BLDA\CharFace\midori","14","535064"
"BLDA\CharFace\mimori","14","609666"
"BLDA\CharFace\minori","11","404880"
"BLDA\CharFace\misaki","45","1386886"
"BLDA\CharFace\miyako","16","543876"
"BLDA\CharFace\moe","22","876770"
"BLDA\CharFace\momiji","11","253756"
"BLDA\CharFace\momoi","12","504572"
"BLDA\CharFace\momoka","50","1726066"
"BLDA\CharFace\mutsuki","17","556562"
"BLDA\CharFace\mutsuki_newyear","13","381210"
"BLDA\CharFace\nagisa","28","842194"
"BLDA\CharFace\neru","14","555088"
"BLDA\CharFace\nodoka","11","254348"
"BLDA\CharFace\nonomi","23","822248"
"BLDA\CharFace\nonomi_robber","10","321930"
"BLDA\CharFace\NP0001","13","492496"
"BLDA\CharFace\NP0002","13","497918"
"BLDA\CharFace\NP0003","10","339380"
"BLDA\CharFace\NP0004","10","338614"
"BLDA\CharFace\NP0005","10","338550"
"BLDA\CharFace\NP0006","10","344338"
"BLDA\CharFace\NP0007","16","534826"
"BLDA\CharFace\NP0008","16","547130"
"BLDA\CharFace\NP0009","9","247398"
"BLDA\CharFace\NP0012","63","1758064"
"BLDA\CharFace\NP0013","19","374850"
"BLDA\CharFace\NP0014","12","381702"
"BLDA\CharFace\NP0015","26","688364"
"BLDA\CharFace\NP0017","8","270770"
"BLDA\CharFace\NP0019","20","695996"
"BLDA\CharFace\NP0020","13","477236"
"BLDA\CharFace\NP0021","11","272854"
"BLDA\CharFace\NP0022","9","207638"
"BLDA\CharFace\NP0023","10","197224"
"BLDA\CharFace\NP0024","10","260328"
"BLDA\CharFace\NP0025","10","149850"
"BLDA\CharFace\NP0026","10","287066"
"BLDA\CharFace\NP0027","10","247330"
"BLDA\CharFace\NP0028","9","200460"
"BLDA\CharFace\NP0029","3","97506"
"BLDA\CharFace\NP0030","15","182838"
"BLDA\CharFace\NP0031","6","142718"
"BLDA\CharFace\NP0032","11","390358"
"BLDA\CharFace\NP0033","24","596142"
"BLDA\CharFace\NP0035","37","976862"
"BLDA\CharFace\NP0036","9","204956"
"BLDA\CharFace\NP0037","15","468514"
"BLDA\CharFace\NP0038","15","389772"
"BLDA\CharFace\NP0040","28","812714"
"BLDA\CharFace\NP0041","33","1241300"
"BLDA\CharFace\NP0043","11","302162"
"BLDA\CharFace\NP0044","23","847158"
"BLDA\CharFace\NP0045","21","663388"
"BLDA\CharFace\NP0046","10","343762"
"BLDA\CharFace\NP0047","17","619106"
"BLDA\CharFace\NP0048","19","639230"
"BLDA\CharFace\NP0049","19","629272"
"BLDA\CharFace\NP0050","11","320256"
"BLDA\CharFace\NP0051","13","518388"
"BLDA\CharFace\NP0052","11","398968"
"BLDA\CharFace\NP0053","10","368160"
"BLDA\CharFace\NP0054","19","660798"
"BLDA\CharFace\NP0055","13","445114"
"BLDA\CharFace\NP0056","11","348484"
"BLDA\CharFace\NP0057","11","382706"
"BLDA\CharFace\NP0058","18","471126"
"BLDA\CharFace\NP0059","20","617274"
"BLDA\CharFace\NP0060","7","110318"
"BLDA\CharFace\NP0061","17","568948"
"BLDA\CharFace\NP0062","10","269426"
"BLDA\CharFace\NP0063","25","721168"
"BLDA\CharFace\NP0064","10","269042"
"BLDA\CharFace\NP0065","21","540792"
"BLDA\CharFace\NP0066","20","615274"
"BLDA\CharFace\NP0067","26","593006"
"BLDA\CharFace\NP0068","10","391858"
"BLDA\CharFace\NP0069","10","396334"
"BLDA\CharFace\NP0070","14","454836"
"BLDA\CharFace\NP0071","16","421662"
"BLDA\CharFace\NP0072","32","982994"
"BLDA\CharFace\NP0073","21","695672"
"BLDA\CharFace\NP0075","11","420392"
"BLDA\CharFace\NP0076","12","438576"
"BLDA\CharFace\NP0077","11","307522"
"BLDA\CharFace\NP0078","11","456506"
"BLDA\CharFace\NP0079","16","484602"
"BLDA\CharFace\NP0080","11","484396"
"BLDA\CharFace\NP0081","12","372930"
"BLDA\CharFace\NP0082","12","312888"
"BLDA\CharFace\NP0084","17","457456"
"BLDA\CharFace\NP0088","14","627284"
"BLDA\CharFace\NP0089","14","592548"
"BLDA\CharFace\NP0090","16","546792"
"BLDA\CharFace\NP0091","4","81384"
"BLDA\CharFace\NP0092","3","36370"
"BLDA\CharFace\NP0093","3","35698"
"BLDA\CharFace\NP0094","3","32280"
"BLDA\CharFace\NP0097","20","516666"
"BLDA\CharFace\NP0098","15","424988"
"BLDA\CharFace\NP0099","19","453904"
"BLDA\CharFace\NP0100","33","1028370"
"BLDA\CharFace\NP0101","33","961600"
"BLDA\CharFace\NP0102","33","1063942"
"BLDA\CharFace\NP0105","13","508212"
"BLDA\CharFace\NP0106","11","377756"
"BLDA\CharFace\NP0107","11","254860"
"BLDA\CharFace\NP0108","19","415528"
"BLDA\CharFace\NP0109","11","328978"
"BLDA\CharFace\NP0110","10","267658"
"BLDA\CharFace\NP0111","18","565116"
"BLDA\CharFace\NP0112","16","463768"
"BLDA\CharFace\NP0118","11","326752"
"BLDA\CharFace\NP0119","15","267468"
"BLDA\CharFace\NP0121","11","296632"
"BLDA\CharFace\NP0123","11","342238"
"BLDA\CharFace\NP0124","21","771448"
"BLDA\CharFace\NP0125","12","484136"
"BLDA\CharFace\NP0129","27","698604"
"BLDA\CharFace\NP0130","30","839354"
"BLDA\CharFace\NP0131","26","524714"
"BLDA\CharFace\NP0134","11","286122"
"BLDA\CharFace\NP0138","13","341330"
"BLDA\CharFace\NP0139","16","576120"
"BLDA\CharFace\NP0140","16","513028"
"BLDA\CharFace\NP0141","20","679176"
"BLDA\CharFace\NP0142","6","113044"
"BLDA\CharFace\NP0147","18","355472"
"BLDA\CharFace\NP0148","19","299320"
"BLDA\CharFace\NP0149","9","276742"
"BLDA\CharFace\NP0150","8","188788"
"BLDA\CharFace\NP0151","12","458476"
"BLDA\CharFace\NP0152","7","215454"
"BLDA\CharFace\NP0156","8","198362"
"BLDA\CharFace\NP0157","8","217292"
"BLDA\CharFace\NP0158","11","348546"
"BLDA\CharFace\NP0159","10","259344"
"BLDA\CharFace\NP0161","16","237748"
"BLDA\CharFace\NP0164","20","545998"
"BLDA\CharFace\NP0166","25","743070"
"BLDA\CharFace\NP0167","50","1563626"
"BLDA\CharFace\NP0169","15","410980"
"BLDA\CharFace\NP0171","11","344706"
"BLDA\CharFace\NP0172","11","312990"
"BLDA\CharFace\NP0173","31","903342"
"BLDA\CharFace\NP0174","20","798238"
"BLDA\CharFace\NP0175","17","626312"
"BLDA\CharFace\NP0176","23","860084"
"BLDA\CharFace\NP0177","15","520602"
"BLDA\CharFace\NP0178","15","590220"
"BLDA\CharFace\NP0179","85","2591058"
"BLDA\CharFace\NP0181","9","241102"
"BLDA\CharFace\NP0182","11","361940"
"BLDA\CharFace\NP0195","11","343842"
"BLDA\CharFace\NP0204","31","930336"
"BLDA\CharFace\NP0205","9","241812"
"BLDA\CharFace\NP0206","37","978936"
"BLDA\CharFace\NP0216","22","544050"
"BLDA\CharFace\NP0217","18","528230"
"BLDA\CharFace\NP0218","20","564592"
"BLDA\CharFace\NP0219","20","656212"
"BLDA\CharFace\NP0220","17","495232"
"BLDA\CharFace\NP0221","18","486508"
"BLDA\CharFace\NP0222","24","627254"
"BLDA\CharFace\NP0223","18","476782"
"BLDA\CharFace\NP0225","28","851582"
"BLDA\CharFace\NP0226","23","570534"
"BLDA\CharFace\NP0227","17","405360"
"BLDA\CharFace\NP0228","17","612298"
"BLDA\CharFace\NP0229","37","994392"
"BLDA\CharFace\NP0231","12","405566"
"BLDA\CharFace\NP0232","12","367100"
"BLDA\CharFace\NP0233","17","555720"
"BLDA\CharFace\NP0234","13","344322"
"BLDA\CharFace\NP0235","31","882232"
"BLDA\CharFace\NP0236","23","734170"
"BLDA\CharFace\NP0237","18","632694"
"BLDA\CharFace\NP0240","13","190024"
"BLDA\CharFace\NP0241","29","652324"
"BLDA\CharFace\NP0244","2","30824"
"BLDA\CharFace\NP0245","8","246614"
"BLDA\CharFace\NP0246","18","559778"
"BLDA\CharFace\NP0248","15","499890"
"BLDA\CharFace\NP0251","17","526634"
"BLDA\CharFace\NP0252","11","263416"
"BLDA\CharFace\NP0253","11","231668"
"BLDA\CharFace\NP0254","16","547300"
"BLDA\CharFace\NP0255","9","260126"
"BLDA\CharFace\NP0256","13","336088"
"BLDA\CharFace\NP0257","11","330222"
"BLDA\CharFace\NP0262","27","306204"
"BLDA\CharFace\NP0263","2","32858"
"BLDA\CharFace\NP0267","31","597464"
"BLDA\CharFace\NP0268","23","474920"
"BLDA\CharFace\NP0269","22","557606"
"BLDA\CharFace\NP0276","10","404086"
"BLDA\CharFace\NP0278","13","365844"
"BLDA\CharFace\NP0281","24","839878"
"BLDA\CharFace\NP0282","2","36208"
"BLDA\CharFace\pina","12","401046"
"BLDA\CharFace\Police_Valkyrie_SG","12","336420"
"BLDA\CharFace\reizyo","22","712698"
"BLDA\CharFace\rin","87","2606662"
"BLDA\CharFace\sakurako","16","577372"
"BLDA\CharFace\saori","63","1693282"
"BLDA\CharFace\saya","11","440050"
"BLDA\CharFace\saya_casual","10","326530"
"BLDA\CharFace\schoolGirl01_SukebanSwim_SMG","10","330264"
"BLDA\CharFace\schoolGirl02_SukebanSwim_MG","10","262496"
"BLDA\CharFace\sena","10","326118"
"BLDA\CharFace\serika","17","571868"
"BLDA\CharFace\serika_newyear","18","637112"
"BLDA\CharFace\serika_robber","17","563386"
"BLDA\CharFace\serika_shibaseki","16","506744"
"BLDA\CharFace\serina","10","406104"
"BLDA\CharFace\shigure","15","512678"
"BLDA\CharFace\shimiko","10","432818"
"BLDA\CharFace\shinon","12","478798"
"BLDA\CharFace\shiroko","21","789680"
"BLDA\CharFace\shiroko_ridingsuit","10","440272"
"BLDA\CharFace\shiroko_robber","21","694452"
"BLDA\CharFace\shizuko","10","423088"
"BLDA\CharFace\shun","18","456196"
"BLDA\CharFace\Soldier_OnsenDev_RL","9","290552"
"BLDA\CharFace\sora","30","863806"
"BLDA\CharFace\sukeban_HMG","10","330848"
"BLDA\CharFace\sukeban_SMG","10","288026"
"BLDA\CharFace\sukeban_SR","10","226320"
"BLDA\CharFace\sumire","17","576260"
"BLDA\CharFace\suzumi","10","423936"
"BLDA\CharFace\tomoe","10","303204"
"BLDA\CharFace\Tsubaki","14","455440"
"BLDA\CharFace\tsurugi","18","529776"
"BLDA\CharFace\utaha","11","360172"
"BLDA\CharFace\wakamo","15","532526"
"BLDA\CharFace\yoheki_normal1","4","111704"
"BLDA\CharFace\yoheki_redwinter1","4","96328"
"BLDA\CharFace\yoshimi","14","544178"
"BLDA\CharFace\Yukata_StreetGhostes_RL","8","307894"
"BLDA\CharFace\yuuka","11","321588"
"BLDA\CharFace\yuzu","12","536620"
"BLDA\CharFace\zunko","19","594674"
"CBJQ\CharFace\boss103","11","206856"
"CBJQ\CharFace\di18","6","61670"
"CBJQ\CharFace\girl001","12","234146"
"CBJQ\CharFace\girl001_01","8","148798"
"CBJQ\CharFace\girl001_02","12","221048"
"CBJQ\CharFace\girl001a","12","261618"
"CBJQ\CharFace\girl001a_03_gacha","14","499812"
"CBJQ\CharFace\girl001a_gacha","16","413464"
"CBJQ\CharFace\girl001b","12","279308"
"CBJQ\CharFace\girl001b_02_gacha","26","700756"
"CBJQ\CharFace\girl001b_gacha","22","716000"
"CBJQ\CharFace\girl001b_lv2","5","100732"
"CBJQ\CharFace\girl002","14","286246"
"CBJQ\CharFace\girl002_01","12","223218"
"CBJQ\CharFace\girl002a","12","242102"
"CBJQ\CharFace\girl002a_01_q","7","126402"
"CBJQ\CharFace\girl002a_02","13","351350"
"CBJQ\CharFace\girl002a_02_gacha","18","579966"
"CBJQ\CharFace\girl002a_03_gacha","6","146808"
"CBJQ\CharFace\girl002a_gacha","15","390242"
"CBJQ\CharFace\girl002b","13","241390"
"CBJQ\CharFace\girl002b_02_gacha","25","696904"
"CBJQ\CharFace\girl002b_gacha","6","138732"
"CBJQ\CharFace\girl003","17","289676"
"CBJQ\CharFace\girl003_01","17","292536"
"CBJQ\CharFace\girl003a","17","285336"
"CBJQ\CharFace\girl003a_02_gacha","12","352280"
"CBJQ\CharFace\girl003a_03_gacha","12","352280"
"CBJQ\CharFace\girl003a_gacha","3","79438"
"CBJQ\CharFace\girl004","17","432464"
"CBJQ\CharFace\girl004_01","17","384130"
"CBJQ\CharFace\girl004_02","17","415764"
"CBJQ\CharFace\girl004a","17","439458"
"CBJQ\CharFace\girl004a_02_gacha","8","213496"
"CBJQ\CharFace\girl004a_03_gacha","9","240282"
"CBJQ\CharFace\girl004a_gacha","16","398592"
"CBJQ\CharFace\girl004b","17","389740"
"CBJQ\CharFace\girl004b_04_gacha","8","350516"
"CBJQ\CharFace\girl004b_gacha","3","77890"
"CBJQ\CharFace\girl005","15","316864"
"CBJQ\CharFace\girl005_01","15","289948"
"CBJQ\CharFace\girl005a","15","329866"
"CBJQ\CharFace\girl005a_01_q","7","109838"
"CBJQ\CharFace\girl005a_03_gacha","14","694262"
"CBJQ\CharFace\girl005a_gacha","12","326948"
"CBJQ\CharFace\girl005b","15","317032"
"CBJQ\CharFace\girl005b_02","15","287902"
"CBJQ\CharFace\girl005b_02_gacha","17","530496"
"CBJQ\CharFace\girl005b_03","15","558064"
"CBJQ\CharFace\girl005b_gacha","6","174710"
"CBJQ\CharFace\girl005c","15","353898"
"CBJQ\CharFace\girl005c_02_gacha","17","514100"
"CBJQ\CharFace\girl005c_gacha","3","71492"
"CBJQ\CharFace\girl006","16","339742"
"CBJQ\CharFace\girl006_01","15","308890"
"CBJQ\CharFace\girl006a","15","320654"
"CBJQ\CharFace\girl006a_02_gacha","9","241218"
"CBJQ\CharFace\girl006a_gacha","3","92414"
"CBJQ\CharFace\girl006b","15","340446"
"CBJQ\CharFace\girl006b_02_gacha","13","378510"
"CBJQ\CharFace\girl006b_gacha","3","73226"
"CBJQ\CharFace\girl007","13","304014"
"CBJQ\CharFace\girl007_01","6","135978"
"CBJQ\CharFace\girl007_02","11","221312"
"CBJQ\CharFace\girl007a","11","278976"
"CBJQ\CharFace\girl007a_02_gacha","10","230298"
"CBJQ\CharFace\girl007a_03","6","128070"
"CBJQ\CharFace\girl007a_04","11","273648"
"CBJQ\CharFace\girl007a_05_gacha","17","400944"
"CBJQ\CharFace\girl007a_gacha","8","198404"
"CBJQ\CharFace\girl008","12","338734"
"CBJQ\CharFace\girl008_01","13","368190"
"CBJQ\CharFace\girl008_02","12","349978"
"CBJQ\CharFace\girl008a","12","312296"
"CBJQ\CharFace\girl008a_01_q","7","138688"
"CBJQ\CharFace\girl008a_03_gacha","6","178286"
"CBJQ\CharFace\girl008a_04_gacha","9","285294"
"CBJQ\CharFace\girl008a_gacha","3","81292"
"CBJQ\CharFace\girl008b","13","325700"
"CBJQ\CharFace\girl008b_02","2","72982"
"CBJQ\CharFace\girl008b_03_gacha","11","289762"
"CBJQ\CharFace\girl008b_gacha","6","170528"
"CBJQ\CharFace\girl008c","13","374040"
"CBJQ\CharFace\girl008c_02","4","125790"
"CBJQ\CharFace\girl008c_02_gacha","11","354382"
"CBJQ\CharFace\girl008c_03_gacha","10","340398"
"CBJQ\CharFace\girl008c_gacha","6","198762"
"CBJQ\CharFace\girl010","18","334884"
"CBJQ\CharFace\girl010_01","18","296464"
"CBJQ\CharFace\girl010a","18","387844"
"CBJQ\CharFace\girl010a_03_gacha","15","399882"
"CBJQ\CharFace\girl010a_04_gacha","26","593948"
"CBJQ\CharFace\girl010a_gacha","12","306964"
"CBJQ\CharFace\girl010b","18","333160"
"CBJQ\CharFace\girl010b_02_gacha_01","34","981748"
"CBJQ\CharFace\girl010b_03_gacha","11","216550"
"CBJQ\CharFace\girl010b_gacha","3","53098"
"CBJQ\CharFace\girl011","15","335148"
"CBJQ\CharFace\girl011_01","15","299978"
"CBJQ\CharFace\girl011_02","15","291406"
"CBJQ\CharFace\girl011_02_gacha","8","145104"
"CBJQ\CharFace\girl011a","15","309924"
"CBJQ\CharFace\girl011a_02_gacha","11","270744"
"CBJQ\CharFace\girl011a_03","15","355684"
"CBJQ\CharFace\girl011a_03_gacha","8","290746"
"CBJQ\CharFace\girl011a_gacha","8","206818"
"CBJQ\CharFace\girl011b","15","329298"
"CBJQ\CharFace\girl011b_02_gacha","12","246452"
"CBJQ\CharFace\girl011b_03_gacha","11","284362"
"CBJQ\CharFace\girl011b_gacha","3","75694"
"CBJQ\CharFace\girl012","13","302070"
"CBJQ\CharFace\girl012_01","16","359918"
"CBJQ\CharFace\girl012a","13","269534"
"CBJQ\CharFace\girl012a_02","13","285378"
"CBJQ\CharFace\girl012a_02_gacha","14","550484"
"CBJQ\CharFace\girl012a_gachastand","8","241870"
"CBJQ\CharFace\girl012b","15","384104"
"CBJQ\CharFace\girl012b_02_gacha","17","411842"
"CBJQ\CharFace\girl012b_gacha","3","78560"
"CBJQ\CharFace\girl013","14","329864"
"CBJQ\CharFace\girl013_01","14","302520"
"CBJQ\CharFace\girl013_02","14","320880"
"CBJQ\CharFace\girl013a","14","271708"
"CBJQ\CharFace\girl013a_04_gacha","8","374956"
"CBJQ\CharFace\girl013a_gacha","6","123386"
"CBJQ\CharFace\girl013b","14","328020"
"CBJQ\CharFace\girl013b_02","6","178086"
"CBJQ\CharFace\girl013b_02_gacha","13","334862"
"CBJQ\CharFace\girl013b_03_gacha","9","353244"
"CBJQ\CharFace\girl013b_gacha","11","324684"
"CBJQ\CharFace\girl014","23","428858"
"CBJQ\CharFace\girl014_01","22","406512"
"CBJQ\CharFace\girl014a","23","387834"
"CBJQ\CharFace\girl014a_03","23","531838"
"CBJQ\CharFace\girl014a_03_gacha","31","1078918"
"CBJQ\CharFace\girl014a_04_gacha","18","461136"
"CBJQ\CharFace\girl014a_gacha","16","331076"
"CBJQ\CharFace\girl014b","22","490520"
"CBJQ\CharFace\girl014b_02_gacha","11","402258"
"CBJQ\CharFace\girl014b_03_gacha","9","288658"
"CBJQ\CharFace\girl014b_gacha","3","71500"
"CBJQ\CharFace\girl015","12","244214"
"CBJQ\CharFace\girl015_01","12","243762"
"CBJQ\CharFace\girl015_02_gacha","15","635772"
"CBJQ\CharFace\girl015_04_gacha","15","392962"
"CBJQ\CharFace\girl015_gacha","3","55414"
"CBJQ\CharFace\girl015a","12","288612"
"CBJQ\CharFace\girl015a_02","12","288584"
"CBJQ\CharFace\girl015a_02_gacha","9","206958"
"CBJQ\CharFace\girl015a_04_gacha","16","414590"
"CBJQ\CharFace\girl015a_gacha","8","218892"
"CBJQ\CharFace\girl015b","12","240722"
"CBJQ\CharFace\girl015b_02_gacha","13","377118"
"CBJQ\CharFace\girl015b_03_gacha","11","483658"
"CBJQ\CharFace\girl015b_gacha","7","446156"
"CBJQ\CharFace\girl016","18","339394"
"CBJQ\CharFace\girl016_01","18","337246"
"CBJQ\CharFace\girl016_02_gacha","8","245394"
"CBJQ\CharFace\girl016_03","18","429416"
"CBJQ\CharFace\girl016_04_gacha","9","223048"
"CBJQ\CharFace\girl016_gacha","8","313110"
"CBJQ\CharFace\girl017","18","400400"
"CBJQ\CharFace\girl017_01","18","368306"
"CBJQ\CharFace\girl017_02_gacha","37","1116568"
"CBJQ\CharFace\girl017_gacha","6","152346"
"CBJQ\CharFace\girl017a","18","382540"
"CBJQ\CharFace\girl017a_02_gacha","6","186738"
"CBJQ\CharFace\girl017a_gacha","3","75330"
"CBJQ\CharFace\girl018","21","416842"
"CBJQ\CharFace\girl018_01","21","405810"
"CBJQ\CharFace\girl018_02_gacha","13","347502"
"CBJQ\CharFace\girl018_03_gacha","9","360182"
"CBJQ\CharFace\girl018_gacha","3","83838"
"CBJQ\CharFace\girl018a","21","434732"
"CBJQ\CharFace\girl018a_02_gacha","9","171866"
"CBJQ\CharFace\girl018a_03","13","256514"
"CBJQ\CharFace\girl018a_03_gacha","14","461820"
"CBJQ\CharFace\girl018a_gacha","6","170354"
"CBJQ\CharFace\girl020","17","648762"
"CBJQ\CharFace\girl020_01","17","496886"
"CBJQ\CharFace\girl020_02_gacha","6","168736"
"CBJQ\CharFace\girl020_03_gacha","10","291182"
"CBJQ\CharFace\girl020_gacha","3","101602"
"CBJQ\CharFace\girl020a","17","437306"
"CBJQ\CharFace\girl020a_02_gacha","16","366656"
"CBJQ\CharFace\girl020a_gacha","3","106564"
"CBJQ\CharFace\girl021","15","282328"
"CBJQ\CharFace\girl021_01","15","275348"
"CBJQ\CharFace\girl021_02_gacha","6","213182"
"CBJQ\CharFace\girl021_03","11","244528"
"CBJQ\CharFace\girl021_03_gacha","11","414344"
"CBJQ\CharFace\girl021_gacha","8","157830"
"CBJQ\CharFace\girl022","17","356644"
"CBJQ\CharFace\girl022_01","17","341090"
"CBJQ\CharFace\girl022_02_gacha","14","468780"
"CBJQ\CharFace\girl022_gacha","3","59936"
"CBJQ\CharFace\girl023","13","332498"
"CBJQ\CharFace\girl023_01","13","319212"
"CBJQ\CharFace\girl023_02_gacha","11","437686"
"CBJQ\CharFace\girl023_03_gacha","10","420126"
"CBJQ\CharFace\girl023_gacha","3","86734"
"CBJQ\CharFace\mon110","3","42274"
"CBJQ\CharFace\npc001","5","125628"
"CBJQ\CharFace\npc002_activity","16","407570"
"CBJQ\CharFace\npc003","3","54300"
"CBJQ\CharFace\npc004","5","105732"
"CBJQ\CharFace\npc005","3","64842"
"CBJQ\CharFace\npc006","3","39208"
"CBJQ\CharFace\npc007","8","157060"
"CBJQ\CharFace\npc008","3","48636"
"CBJQ\CharFace\npc009","2","27534"
"CBJQ\CharFace\npc010","10","184460"
"CBJQ\CharFace\npc011","5","129636"
"CBJQ\CharFace\npc012","4","87894"
"CBJQ\CharFace\npc013","6","110844"
"CBJQ\CharFace\npc016","8","139464"
"CBJQ\CharFace\npc024","3","79740"
"CBJQ\CharFace\npc028","5","131410"
"CBJQ\CharFace\npc034","10","175006"
"CBJQ\CharFace\npc035_01","4","72310"
"CBJQ\CharFace\npc037","10","189350"
"CBJQ\CharFace\npc038_01","5","101606"
"CBJQ\CharFace\npc039","2","39132"
"CBJQ\CharFace\npc040","4","75186"
"CBJQ\CharFace\npc042","6","86390"
"CBJQ\CharFace\npc043","4","54796"
"CBJQ\CharFace\npc044","4","95038"
"CBJQ\CharFace\npc048","6","119862"
"CBJQ\CharFace\npc049","7","143184"
"CBJQ\CharFace\npc051","3","59336"
"CBJQ\CharFace\npc053","3","61838"
"CBJQ\CharFace\npc054","4","71372"
"CBJQ\CharFace\npc055","4","75468"
"CBJQ\CharFace\npc063","8","164734"
"CBJQ\CharFace\npc064","5","126006"
"CBJQ\CharFace\npc065","15","290358"
"CBJQ\CharFace\npc067","4","109272"
"CBJQ\CharFace\npc068","4","75932"
"CBJQ\CharFace\npc069","13","276004"
"CBJQ\CharFace\npc069_2","13","228798"
"CBJQ\CharFace\npc070","3","75206"
"CBJQ\CharFace\npc079","18","374226"
"CBJQ\CharFace\npc081","3","49206"
"CBJQ\CharFace\npc084","6","168624"
"CBJQ\CharFace\npc086","2","39766"
"CBJQ\CharFace\npc088","6","45568"
"CBJQ\CharFace\npc089","6","159676"
"CBJQ\CharFace\npc094","3","65000"
"CBJQ\CharFace\npc096","3","64366"
"CBJQ\CharFace\npc098","10","263182"
"CBJQ\CharFace\npc099","2","58052"
"CBJQ\CharFace\npc107","2","27302"
"CBJQ\CharFace\npc108","5","116810"
"CBJQ\CharFace\npc109","5","133422"
"CBJQ\CharFace\npc110","4","71158"
"CBJQ\CharFace\npc111","2","42444"
"CBJQ\CharFace\npc405_01_q","4","56178"
"DFPJ\CharFace\CFID_0\CharID_0-0","11","258742"
"DFPJ\CharFace\CFID_0\CharID_0-1","13","410340"
"DFPJ\CharFace\CFID_0\CharID_0-2","14","263936"
"DFPJ\CharFace\CFID_0\CharID_0-3","14","432772"
"DFPJ\CharFace\CFID_0\CharID_0-4","14","272346"
"DFPJ\CharFace\CFID_0\CharID_1-0","11","283048"
"DFPJ\CharFace\CFID_0\CharID_1-1","13","400072"
"DFPJ\CharFace\CFID_0\CharID_1-2","14","382058"
"DFPJ\CharFace\CFID_0\CharID_1-3","14","405744"
"DFPJ\CharFace\CFID_0\CharID_1-4","14","405330"
"DFPJ\CharFace\CFID_0\CharID_10-0","11","176810"
"DFPJ\CharFace\CFID_0\CharID_10-1","20","419860"
"DFPJ\CharFace\CFID_0\CharID_10-2","16","176972"
"DFPJ\CharFace\CFID_0\CharID_10-3","22","417278"
"DFPJ\CharFace\CFID_0\CharID_10-4","16","287094"
"DFPJ\CharFace\CFID_0\CharID_100-0","11","315830"
"DFPJ\CharFace\CFID_0\CharID_100-1","12","283564"
"DFPJ\CharFace\CFID_0\CharID_100-4","16","478660"
"DFPJ\CharFace\CFID_0\CharID_100-72","27","437212"
"DFPJ\CharFace\CFID_0\CharID_100-73","16","433146"
"DFPJ\CharFace\CFID_0\CharID_101-0","11","213272"
"DFPJ\CharFace\CFID_0\CharID_101-1","20","512168"
"DFPJ\CharFace\CFID_0\CharID_101-2","22","353998"
"DFPJ\CharFace\CFID_0\CharID_101-3","21","515332"
"DFPJ\CharFace\CFID_0\CharID_101-74","14","295832"
"DFPJ\CharFace\CFID_0\CharID_101-75","16","345768"
"DFPJ\CharFace\CFID_0\CharID_101-76","16","323898"
"DFPJ\CharFace\CFID_0\CharID_102-1","13","277328"
"DFPJ\CharFace\CFID_0\CharID_102-2","22","374284"
"DFPJ\CharFace\CFID_0\CharID_102-3","14","273802"
"DFPJ\CharFace\CFID_0\CharID_102-4","14","259942"
"DFPJ\CharFace\CFID_0\CharID_103-0","11","263064"
"DFPJ\CharFace\CFID_0\CharID_103-1","23","441456"
"DFPJ\CharFace\CFID_0\CharID_103-2","16","343526"
"DFPJ\CharFace\CFID_0\CharID_103-3","16","282814"
"DFPJ\CharFace\CFID_0\CharID_103-4","24","533256"
"DFPJ\CharFace\CFID_0\CharID_103-77","9","214520"
"DFPJ\CharFace\CFID_0\CharID_104-0","11","257186"
"DFPJ\CharFace\CFID_0\CharID_104-1","13","254320"
"DFPJ\CharFace\CFID_0\CharID_104-2","15","275990"
"DFPJ\CharFace\CFID_0\CharID_104-3","14","254848"
"DFPJ\CharFace\CFID_0\CharID_104-4","15","298802"
"DFPJ\CharFace\CFID_0\CharID_105-1","13","243318"
"DFPJ\CharFace\CFID_0\CharID_105-2","22","507680"
"DFPJ\CharFace\CFID_0\CharID_105-3","14","248560"
"DFPJ\CharFace\CFID_0\CharID_105-4","15","369526"
"DFPJ\CharFace\CFID_0\CharID_106-0","11","205106"
"DFPJ\CharFace\CFID_0\CharID_106-1","13","321898"
"DFPJ\CharFace\CFID_0\CharID_106-2","14","283202"
"DFPJ\CharFace\CFID_0\CharID_106-3","14","293750"
"DFPJ\CharFace\CFID_0\CharID_106-4","14","289894"
"DFPJ\CharFace\CFID_0\CharID_107-0","11","285276"
"DFPJ\CharFace\CFID_0\CharID_107-1","23","625114"
"DFPJ\CharFace\CFID_0\CharID_107-2","15","286598"
"DFPJ\CharFace\CFID_0\CharID_107-3","26","653302"
"DFPJ\CharFace\CFID_0\CharID_107-4","18","385776"
"DFPJ\CharFace\CFID_0\CharID_108-0","11","253172"
"DFPJ\CharFace\CFID_0\CharID_108-1","25","687360"
"DFPJ\CharFace\CFID_0\CharID_108-13","16","254630"
"DFPJ\CharFace\CFID_0\CharID_108-3","26","676604"
"DFPJ\CharFace\CFID_0\CharID_108-4","11","301956"
"DFPJ\CharFace\CFID_0\CharID_108-78","10","159258"
"DFPJ\CharFace\CFID_0\CharID_109-2","54","942658"
"DFPJ\CharFace\CFID_0\CharID_11-0","11","270796"
"DFPJ\CharFace\CFID_0\CharID_11-1","15","478610"
"DFPJ\CharFace\CFID_0\CharID_11-16","14","297142"
"DFPJ\CharFace\CFID_0\CharID_11-2","16","280176"
"DFPJ\CharFace\CFID_0\CharID_11-3","15","462418"
"DFPJ\CharFace\CFID_0\CharID_11-4","16","474180"
"DFPJ\CharFace\CFID_0\CharID_110-17","14","219276"
"DFPJ\CharFace\CFID_0\CharID_110-18","14","194806"
"DFPJ\CharFace\CFID_0\CharID_110-19","15","229642"
"DFPJ\CharFace\CFID_0\CharID_110-79","14","204502"
"DFPJ\CharFace\CFID_0\CharID_111-2","54","872428"
"DFPJ\CharFace\CFID_0\CharID_112-15","9","160678"
"DFPJ\CharFace\CFID_0\CharID_112-4","6","128046"
"DFPJ\CharFace\CFID_0\CharID_113-0","11","211544"
"DFPJ\CharFace\CFID_0\CharID_113-1","13","260618"
"DFPJ\CharFace\CFID_0\CharID_113-2","13","261256"
"DFPJ\CharFace\CFID_0\CharID_113-3","14","272166"
"DFPJ\CharFace\CFID_0\CharID_113-4","15","320010"
"DFPJ\CharFace\CFID_0\CharID_114-0","11","238626"
"DFPJ\CharFace\CFID_0\CharID_114-2","16","297506"
"DFPJ\CharFace\CFID_0\CharID_114-27","14","297114"
"DFPJ\CharFace\CFID_0\CharID_114-3","14","278170"
"DFPJ\CharFace\CFID_0\CharID_115-0","11","284784"
"DFPJ\CharFace\CFID_0\CharID_115-1","13","270062"
"DFPJ\CharFace\CFID_0\CharID_115-148","16","277188"
"DFPJ\CharFace\CFID_0\CharID_115-3","14","267776"
"DFPJ\CharFace\CFID_0\CharID_115-4","16","322340"
"DFPJ\CharFace\CFID_0\CharID_115-80","27","514820"
"DFPJ\CharFace\CFID_0\CharID_115-81","15","309622"
"DFPJ\CharFace\CFID_0\CharID_116-0","11","261462"
"DFPJ\CharFace\CFID_0\CharID_116-1","24","753248"
"DFPJ\CharFace\CFID_0\CharID_116-2","26","815082"
"DFPJ\CharFace\CFID_0\CharID_116-3","27","812812"
"DFPJ\CharFace\CFID_0\CharID_116-4","16","422002"
"DFPJ\CharFace\CFID_0\CharID_116-82","18","430294"
"DFPJ\CharFace\CFID_0\CharID_117-1","13","307862"
"DFPJ\CharFace\CFID_0\CharID_117-2","22","531258"
"DFPJ\CharFace\CFID_0\CharID_117-3","14","336538"
"DFPJ\CharFace\CFID_0\CharID_117-83","15","384542"
"DFPJ\CharFace\CFID_0\CharID_118-1","13","659224"
"DFPJ\CharFace\CFID_0\CharID_118-2","23","1201966"
"DFPJ\CharFace\CFID_0\CharID_118-3","14","684486"
"DFPJ\CharFace\CFID_0\CharID_118-4","14","455710"
"DFPJ\CharFace\CFID_0\CharID_119-0","11","192710"
"DFPJ\CharFace\CFID_0\CharID_119-1","13","341664"
"DFPJ\CharFace\CFID_0\CharID_119-2","14","253856"
"DFPJ\CharFace\CFID_0\CharID_119-3","14","330716"
"DFPJ\CharFace\CFID_0\CharID_119-4","14","244678"
"DFPJ\CharFace\CFID_0\CharID_12-0","11","312350"
"DFPJ\CharFace\CFID_0\CharID_12-1","15","540334"
"DFPJ\CharFace\CFID_0\CharID_12-2","18","499214"
"DFPJ\CharFace\CFID_0\CharID_12-3","16","547788"
"DFPJ\CharFace\CFID_0\CharID_12-4","15","449896"
"DFPJ\CharFace\CFID_0\CharID_120-84","11","220606"
"DFPJ\CharFace\CFID_0\CharID_120-85","23","339784"
"DFPJ\CharFace\CFID_0\CharID_120-86","16","268410"
"DFPJ\CharFace\CFID_0\CharID_120-87","11","261252"
"DFPJ\CharFace\CFID_0\CharID_120-88","23","487068"
"DFPJ\CharFace\CFID_0\CharID_120-89","16","270664"
"DFPJ\CharFace\CFID_0\CharID_120-90","11","298538"
"DFPJ\CharFace\CFID_0\CharID_120-91","16","373634"
"DFPJ\CharFace\CFID_0\CharID_121-1","12","222366"
"DFPJ\CharFace\CFID_0\CharID_121-2","23","402248"
"DFPJ\CharFace\CFID_0\CharID_121-3","13","228918"
"DFPJ\CharFace\CFID_0\CharID_121-4","15","276054"
"DFPJ\CharFace\CFID_0\CharID_122-0","11","284152"
"DFPJ\CharFace\CFID_0\CharID_122-1","20","477708"
"DFPJ\CharFace\CFID_0\CharID_122-3","23","468036"
"DFPJ\CharFace\CFID_0\CharID_122-4","24","549046"
"DFPJ\CharFace\CFID_0\CharID_122-65","27","551722"
"DFPJ\CharFace\CFID_0\CharID_122-66","16","290666"
"DFPJ\CharFace\CFID_0\CharID_123-0","11","253562"
"DFPJ\CharFace\CFID_0\CharID_123-1","20","475442"
"DFPJ\CharFace\CFID_0\CharID_123-2","16","279306"
"DFPJ\CharFace\CFID_0\CharID_123-3","23","452016"
"DFPJ\CharFace\CFID_0\CharID_123-4","25","471202"
"DFPJ\CharFace\CFID_0\CharID_124-0","9","201708"
"DFPJ\CharFace\CFID_0\CharID_124-1","19","671276"
"DFPJ\CharFace\CFID_0\CharID_124-2","20","661786"
"DFPJ\CharFace\CFID_0\CharID_124-3","16","550078"
"DFPJ\CharFace\CFID_0\CharID_124-4","17","555116"
"DFPJ\CharFace\CFID_0\CharID_124-92","34","491474"
"DFPJ\CharFace\CFID_0\CharID_124-93","15","228210"
"DFPJ\CharFace\CFID_0\CharID_125-0","11","196488"
"DFPJ\CharFace\CFID_0\CharID_125-1","21","347016"
"DFPJ\CharFace\CFID_0\CharID_125-2","14","194702"
"DFPJ\CharFace\CFID_0\CharID_125-3","20","365022"
"DFPJ\CharFace\CFID_0\CharID_125-4","14","238786"
"DFPJ\CharFace\CFID_0\CharID_126-0","11","267098"
"DFPJ\CharFace\CFID_0\CharID_126-2","16","267922"
"DFPJ\CharFace\CFID_0\CharID_126-27","16","247302"
"DFPJ\CharFace\CFID_0\CharID_126-3","23","525174"
"DFPJ\CharFace\CFID_0\CharID_126-94","16","245084"
"DFPJ\CharFace\CFID_0\CharID_127-0","11","281700"
"DFPJ\CharFace\CFID_0\CharID_127-1","20","601052"
"DFPJ\CharFace\CFID_0\CharID_127-2","16","282920"
"DFPJ\CharFace\CFID_0\CharID_127-3","23","568740"
"DFPJ\CharFace\CFID_0\CharID_127-4","23","500882"
"DFPJ\CharFace\CFID_0\CharID_127-95","16","260526"
"DFPJ\CharFace\CFID_0\CharID_128-0","11","253602"
"DFPJ\CharFace\CFID_0\CharID_128-1","26","870738"
"DFPJ\CharFace\CFID_0\CharID_128-2","14","284992"
"DFPJ\CharFace\CFID_0\CharID_128-3","26","820892"
"DFPJ\CharFace\CFID_0\CharID_128-4","17","308434"
"DFPJ\CharFace\CFID_0\CharID_129-0","10","229942"
"DFPJ\CharFace\CFID_0\CharID_129-1","22","617506"
"DFPJ\CharFace\CFID_0\CharID_129-2","16","437906"
"DFPJ\CharFace\CFID_0\CharID_129-4","17","361542"
"DFPJ\CharFace\CFID_0\CharID_13-0","11","221472"
"DFPJ\CharFace\CFID_0\CharID_13-1","15","347008"
"DFPJ\CharFace\CFID_0\CharID_13-2","17","281254"
"DFPJ\CharFace\CFID_0\CharID_13-3","16","352512"
"DFPJ\CharFace\CFID_0\CharID_13-4","16","399898"
"DFPJ\CharFace\CFID_0\CharID_130-0","11","272028"
"DFPJ\CharFace\CFID_0\CharID_130-1","20","597474"
"DFPJ\CharFace\CFID_0\CharID_130-3","22","600916"
"DFPJ\CharFace\CFID_0\CharID_130-4","13","267494"
"DFPJ\CharFace\CFID_0\CharID_130-96","24","545382"
"DFPJ\CharFace\CFID_0\CharID_130-97","3","76998"
"DFPJ\CharFace\CFID_0\CharID_130-98","16","271366"
"DFPJ\CharFace\CFID_0\CharID_131-0","11","261084"
"DFPJ\CharFace\CFID_0\CharID_131-1","21","484018"
"DFPJ\CharFace\CFID_0\CharID_131-100","27","340424"
"DFPJ\CharFace\CFID_0\CharID_131-3","23","413486"
"DFPJ\CharFace\CFID_0\CharID_131-4","23","406246"
"DFPJ\CharFace\CFID_0\CharID_131-99","26","549660"
"DFPJ\CharFace\CFID_0\CharID_132-0","11","261088"
"DFPJ\CharFace\CFID_0\CharID_132-1","20","302650"
"DFPJ\CharFace\CFID_0\CharID_132-101","18","440492"
"DFPJ\CharFace\CFID_0\CharID_132-102","18","428932"
"DFPJ\CharFace\CFID_0\CharID_132-3","22","310368"
"DFPJ\CharFace\CFID_0\CharID_132-4","22","369332"
"DFPJ\CharFace\CFID_0\CharID_133-0","10","138344"
"DFPJ\CharFace\CFID_0\CharID_133-2","4","44310"
"DFPJ\CharFace\CFID_0\CharID_134-1","13","294966"
"DFPJ\CharFace\CFID_0\CharID_134-2","22","511136"
"DFPJ\CharFace\CFID_0\CharID_134-3","14","301032"
"DFPJ\CharFace\CFID_0\CharID_134-4","14","345162"
"DFPJ\CharFace\CFID_0\CharID_135-1","13","262548"
"DFPJ\CharFace\CFID_0\CharID_135-2","22","372826"
"DFPJ\CharFace\CFID_0\CharID_135-3","14","252628"
"DFPJ\CharFace\CFID_0\CharID_135-4","14","252514"
"DFPJ\CharFace\CFID_0\CharID_136-1","15","265614"
"DFPJ\CharFace\CFID_0\CharID_136-2","25","512376"
"DFPJ\CharFace\CFID_0\CharID_136-3","16","265264"
"DFPJ\CharFace\CFID_0\CharID_136-4","17","287358"
"DFPJ\CharFace\CFID_0\CharID_137-0","11","306152"
"DFPJ\CharFace\CFID_0\CharID_137-1","14","368698"
"DFPJ\CharFace\CFID_0\CharID_137-2","16","373714"
"DFPJ\CharFace\CFID_0\CharID_137-3","14","344074"
"DFPJ\CharFace\CFID_0\CharID_137-4","8","207644"
"DFPJ\CharFace\CFID_0\CharID_138-0","11","224120"
"DFPJ\CharFace\CFID_0\CharID_138-1","20","544868"
"DFPJ\CharFace\CFID_0\CharID_138-2","16","260110"
"DFPJ\CharFace\CFID_0\CharID_138-27","22","474328"
"DFPJ\CharFace\CFID_0\CharID_138-3","26","556938"
"DFPJ\CharFace\CFID_0\CharID_138-4","14","262618"
"DFPJ\CharFace\CFID_0\CharID_139-0","11","230400"
"DFPJ\CharFace\CFID_0\CharID_139-1","20","445160"
"DFPJ\CharFace\CFID_0\CharID_139-2","18","298092"
"DFPJ\CharFace\CFID_0\CharID_139-3","22","435310"
"DFPJ\CharFace\CFID_0\CharID_139-4","14","309356"
"DFPJ\CharFace\CFID_0\CharID_14-1","13","267518"
"DFPJ\CharFace\CFID_0\CharID_14-2","24","536932"
"DFPJ\CharFace\CFID_0\CharID_14-3","15","270492"
"DFPJ\CharFace\CFID_0\CharID_14-4","15","270452"
"DFPJ\CharFace\CFID_0\CharID_140-0","11","254706"
"DFPJ\CharFace\CFID_0\CharID_140-1","13","545616"
"DFPJ\CharFace\CFID_0\CharID_140-103","14","279912"
"DFPJ\CharFace\CFID_0\CharID_140-104","14","236000"
"DFPJ\CharFace\CFID_0\CharID_140-2","14","355788"
"DFPJ\CharFace\CFID_0\CharID_140-3","13","478292"
"DFPJ\CharFace\CFID_0\CharID_140-4","14","377488"
"DFPJ\CharFace\CFID_0\CharID_141-0","11","221898"
"DFPJ\CharFace\CFID_0\CharID_141-1","20","311854"
"DFPJ\CharFace\CFID_0\CharID_141-105","18","251852"
"DFPJ\CharFace\CFID_0\CharID_141-106","27","435314"
"DFPJ\CharFace\CFID_0\CharID_141-3","23","340856"
"DFPJ\CharFace\CFID_0\CharID_141-4","16","225924"
"DFPJ\CharFace\CFID_0\CharID_142-107","11","241102"
"DFPJ\CharFace\CFID_0\CharID_142-108","15","395628"
"DFPJ\CharFace\CFID_0\CharID_142-109","16","259792"
"DFPJ\CharFace\CFID_0\CharID_142-110","16","380088"
"DFPJ\CharFace\CFID_0\CharID_142-111","16","478718"
"DFPJ\CharFace\CFID_0\CharID_143-0","11","237798"
"DFPJ\CharFace\CFID_0\CharID_143-1","20","646220"
"DFPJ\CharFace\CFID_0\CharID_143-112","14","224494"
"DFPJ\CharFace\CFID_0\CharID_143-2","16","306254"
"DFPJ\CharFace\CFID_0\CharID_143-3","22","611836"
"DFPJ\CharFace\CFID_0\CharID_143-4","14","353820"
"DFPJ\CharFace\CFID_0\CharID_144-1","20","591214"
"DFPJ\CharFace\CFID_0\CharID_144-2","27","452008"
"DFPJ\CharFace\CFID_0\CharID_144-3","22","562678"
"DFPJ\CharFace\CFID_0\CharID_144-4","22","529228"
"DFPJ\CharFace\CFID_0\CharID_145-0","12","297180"
"DFPJ\CharFace\CFID_0\CharID_145-1","13","266568"
"DFPJ\CharFace\CFID_0\CharID_145-2","14","296470"
"DFPJ\CharFace\CFID_0\CharID_145-3","14","273916"
"DFPJ\CharFace\CFID_0\CharID_145-4","15","354254"
"DFPJ\CharFace\CFID_0\CharID_146-1","2","42608"
"DFPJ\CharFace\CFID_0\CharID_146-2","23","508156"
"DFPJ\CharFace\CFID_0\CharID_146-4","16","241428"
"DFPJ\CharFace\CFID_0\CharID_147-1","13","289958"
"DFPJ\CharFace\CFID_0\CharID_147-2","23","495722"
"DFPJ\CharFace\CFID_0\CharID_147-3","13","275710"
"DFPJ\CharFace\CFID_0\CharID_147-4","14","348634"
"DFPJ\CharFace\CFID_0\CharID_148-1","13","279892"
"DFPJ\CharFace\CFID_0\CharID_148-113","14","290806"
"DFPJ\CharFace\CFID_0\CharID_148-2","22","512784"
"DFPJ\CharFace\CFID_0\CharID_148-3","14","266694"
"DFPJ\CharFace\CFID_0\CharID_149-0","11","178880"
"DFPJ\CharFace\CFID_0\CharID_149-1","20","381778"
"DFPJ\CharFace\CFID_0\CharID_149-2","14","159776"
"DFPJ\CharFace\CFID_0\CharID_149-3","22","380730"
"DFPJ\CharFace\CFID_0\CharID_149-4","16","290184"
"DFPJ\CharFace\CFID_0\CharID_15-0","11","260562"
"DFPJ\CharFace\CFID_0\CharID_15-1","20","596192"
"DFPJ\CharFace\CFID_0\CharID_15-2","14","352838"
"DFPJ\CharFace\CFID_0\CharID_15-3","22","601810"
"DFPJ\CharFace\CFID_0\CharID_15-4","12","311986"
"DFPJ\CharFace\CFID_0\CharID_150-0","11","292618"
"DFPJ\CharFace\CFID_0\CharID_150-1","25","584744"
"DFPJ\CharFace\CFID_0\CharID_150-114","9","187378"
"DFPJ\CharFace\CFID_0\CharID_150-115","14","257606"
"DFPJ\CharFace\CFID_0\CharID_150-2","16","343260"
"DFPJ\CharFace\CFID_0\CharID_150-27","50","902680"
"DFPJ\CharFace\CFID_0\CharID_150-28","14","284158"
"DFPJ\CharFace\CFID_0\CharID_150-3","27","587740"
"DFPJ\CharFace\CFID_0\CharID_150-38","14","238108"
"DFPJ\CharFace\CFID_0\CharID_150-4","24","858654"
"DFPJ\CharFace\CFID_0\CharID_150-5","21","464250"
"DFPJ\CharFace\CFID_0\CharID_150-6","23","472920"
"DFPJ\CharFace\CFID_0\CharID_151-0","11","206460"
"DFPJ\CharFace\CFID_0\CharID_151-1","20","397624"
"DFPJ\CharFace\CFID_0\CharID_151-2","16","267238"
"DFPJ\CharFace\CFID_0\CharID_151-3","23","375308"
"DFPJ\CharFace\CFID_0\CharID_151-4","16","349164"
"DFPJ\CharFace\CFID_0\CharID_152-0","11","257958"
"DFPJ\CharFace\CFID_0\CharID_152-1","24","645866"
"DFPJ\CharFace\CFID_0\CharID_152-116","19","352004"
"DFPJ\CharFace\CFID_0\CharID_152-117","19","365480"
"DFPJ\CharFace\CFID_0\CharID_152-3","27","671096"
"DFPJ\CharFace\CFID_0\CharID_152-4","20","450044"
"DFPJ\CharFace\CFID_0\CharID_153-0","10","190638"
"DFPJ\CharFace\CFID_0\CharID_153-2","15","200254"
"DFPJ\CharFace\CFID_0\CharID_154-0","10","257390"
"DFPJ\CharFace\CFID_0\CharID_154-1","25","818024"
"DFPJ\CharFace\CFID_0\CharID_154-118","16","425878"
"DFPJ\CharFace\CFID_0\CharID_154-119","27","700514"
"DFPJ\CharFace\CFID_0\CharID_154-120","16","418092"
"DFPJ\CharFace\CFID_0\CharID_154-3","27","859924"
"DFPJ\CharFace\CFID_0\CharID_154-65","27","618642"
"DFPJ\CharFace\CFID_0\CharID_154-66","16","356498"
"DFPJ\CharFace\CFID_0\CharID_154-9","6","184896"
"DFPJ\CharFace\CFID_0\CharID_155-0","11","268500"
"DFPJ\CharFace\CFID_0\CharID_155-1","13","298560"
"DFPJ\CharFace\CFID_0\CharID_155-2","14","287782"
"DFPJ\CharFace\CFID_0\CharID_155-3","14","304466"
"DFPJ\CharFace\CFID_0\CharID_155-4","15","359836"
"DFPJ\CharFace\CFID_0\CharID_156-0","11","197878"
"DFPJ\CharFace\CFID_0\CharID_156-1","13","283022"
"DFPJ\CharFace\CFID_0\CharID_156-2","14","265772"
"DFPJ\CharFace\CFID_0\CharID_156-3","14","282132"
"DFPJ\CharFace\CFID_0\CharID_156-4","14","357776"
"DFPJ\CharFace\CFID_0\CharID_157-0","11","221600"
"DFPJ\CharFace\CFID_0\CharID_157-1","23","528644"
"DFPJ\CharFace\CFID_0\CharID_157-2","17","223464"
"DFPJ\CharFace\CFID_0\CharID_157-3","23","451260"
"DFPJ\CharFace\CFID_0\CharID_157-4","14","304526"
"DFPJ\CharFace\CFID_0\CharID_158-1","13","400522"
"DFPJ\CharFace\CFID_0\CharID_158-121","11","249038"
"DFPJ\CharFace\CFID_0\CharID_158-149","14","362248"
"DFPJ\CharFace\CFID_0\CharID_158-2","14","447264"
"DFPJ\CharFace\CFID_0\CharID_158-3","4","120704"
"DFPJ\CharFace\CFID_0\CharID_158-4","23","716740"
"DFPJ\CharFace\CFID_0\CharID_159-122","13","342320"
"DFPJ\CharFace\CFID_0\CharID_159-123","22","512512"
"DFPJ\CharFace\CFID_0\CharID_159-124","14","351156"
"DFPJ\CharFace\CFID_0\CharID_159-125","27","456850"
"DFPJ\CharFace\CFID_0\CharID_16-17","14","198074"
"DFPJ\CharFace\CFID_0\CharID_16-18","14","175710"
"DFPJ\CharFace\CFID_0\CharID_16-19","14","184082"
"DFPJ\CharFace\CFID_0\CharID_160-0","12","247372"
"DFPJ\CharFace\CFID_0\CharID_160-1","23","528662"
"DFPJ\CharFace\CFID_0\CharID_160-126","15","278030"
"DFPJ\CharFace\CFID_0\CharID_160-127","39","962454"
"DFPJ\CharFace\CFID_0\CharID_160-3","26","565190"
"DFPJ\CharFace\CFID_0\CharID_160-4","15","263322"
"DFPJ\CharFace\CFID_0\CharID_161-0","11","212208"
"DFPJ\CharFace\CFID_0\CharID_161-1","20","398574"
"DFPJ\CharFace\CFID_0\CharID_161-128","22","409710"
"DFPJ\CharFace\CFID_0\CharID_161-2","16","326004"
"DFPJ\CharFace\CFID_0\CharID_161-4","14","277278"
"DFPJ\CharFace\CFID_0\CharID_162-0","12","310090"
"DFPJ\CharFace\CFID_0\CharID_162-1","15","291040"
"DFPJ\CharFace\CFID_0\CharID_162-129","28","385950"
"DFPJ\CharFace\CFID_0\CharID_162-13","16","268984"
"DFPJ\CharFace\CFID_0\CharID_162-3","15","248930"
"DFPJ\CharFace\CFID_0\CharID_162-4","17","335570"
"DFPJ\CharFace\CFID_0\CharID_163-0","11","257464"
"DFPJ\CharFace\CFID_0\CharID_163-1","15","428324"
"DFPJ\CharFace\CFID_0\CharID_163-2","14","266958"
"DFPJ\CharFace\CFID_0\CharID_163-3","16","449450"
"DFPJ\CharFace\CFID_0\CharID_163-4","17","482836"
"DFPJ\CharFace\CFID_0\CharID_164-2","54","995146"
"DFPJ\CharFace\CFID_0\CharID_165-1","13","337974"
"DFPJ\CharFace\CFID_0\CharID_165-2","22","499744"
"DFPJ\CharFace\CFID_0\CharID_165-3","14","319370"
"DFPJ\CharFace\CFID_0\CharID_165-4","14","300102"
"DFPJ\CharFace\CFID_0\CharID_166-2","54","677546"
"DFPJ\CharFace\CFID_0\CharID_167-0","10","203654"
"DFPJ\CharFace\CFID_0\CharID_167-1","30","594726"
"DFPJ\CharFace\CFID_0\CharID_167-10","14","274188"
"DFPJ\CharFace\CFID_0\CharID_167-130","16","341148"
"DFPJ\CharFace\CFID_0\CharID_167-131","27","669132"
"DFPJ\CharFace\CFID_0\CharID_167-132","34","662984"
"DFPJ\CharFace\CFID_0\CharID_167-133","6","102000"
"DFPJ\CharFace\CFID_0\CharID_167-134","6","123328"
"DFPJ\CharFace\CFID_0\CharID_167-27","16","310534"
"DFPJ\CharFace\CFID_0\CharID_167-29","13","287202"
"DFPJ\CharFace\CFID_0\CharID_167-3","16","300632"
"DFPJ\CharFace\CFID_0\CharID_167-30","22","592430"
"DFPJ\CharFace\CFID_0\CharID_167-31","14","288216"
"DFPJ\CharFace\CFID_0\CharID_167-32","14","361574"
"DFPJ\CharFace\CFID_0\CharID_167-38","14","250864"
"DFPJ\CharFace\CFID_0\CharID_167-4","13","262974"
"DFPJ\CharFace\CFID_0\CharID_167-69","6","111946"
"DFPJ\CharFace\CFID_0\CharID_168-0","11","258572"
"DFPJ\CharFace\CFID_0\CharID_168-1","20","628970"
"DFPJ\CharFace\CFID_0\CharID_168-135","27","525102"
"DFPJ\CharFace\CFID_0\CharID_168-136","16","363192"
"DFPJ\CharFace\CFID_0\CharID_168-3","23","533648"
"DFPJ\CharFace\CFID_0\CharID_168-4","15","330690"
"DFPJ\CharFace\CFID_0\CharID_169-0","11","273460"
"DFPJ\CharFace\CFID_0\CharID_169-1","20","705564"
"DFPJ\CharFace\CFID_0\CharID_169-2","14","298642"
"DFPJ\CharFace\CFID_0\CharID_169-3","22","521326"
"DFPJ\CharFace\CFID_0\CharID_169-4","22","545870"
"DFPJ\CharFace\CFID_0\CharID_17-0","11","278962"
"DFPJ\CharFace\CFID_0\CharID_17-1","15","362622"
"DFPJ\CharFace\CFID_0\CharID_17-20","14","251714"
"DFPJ\CharFace\CFID_0\CharID_17-21","14","307354"
"DFPJ\CharFace\CFID_0\CharID_17-22","32","628920"
"DFPJ\CharFace\CFID_0\CharID_17-23","26","514670"
"DFPJ\CharFace\CFID_0\CharID_17-3","15","336478"
"DFPJ\CharFace\CFID_0\CharID_17-4","15","242384"
"DFPJ\CharFace\CFID_0\CharID_17-9","14","305278"
"DFPJ\CharFace\CFID_0\CharID_170-137","11","295908"
"DFPJ\CharFace\CFID_0\CharID_170-138","21","509560"
"DFPJ\CharFace\CFID_0\CharID_170-139","15","258968"
"DFPJ\CharFace\CFID_0\CharID_170-140","23","485712"
"DFPJ\CharFace\CFID_0\CharID_170-141","16","420334"
"DFPJ\CharFace\CFID_0\CharID_171-1","15","263958"
"DFPJ\CharFace\CFID_0\CharID_171-2","23","383992"
"DFPJ\CharFace\CFID_0\CharID_171-3","17","268508"
"DFPJ\CharFace\CFID_0\CharID_171-4","18","319660"
"DFPJ\CharFace\CFID_0\CharID_172-0","11","246060"
"DFPJ\CharFace\CFID_0\CharID_172-1","22","692080"
"DFPJ\CharFace\CFID_0\CharID_172-142","14","235968"
"DFPJ\CharFace\CFID_0\CharID_172-143","16","391388"
"DFPJ\CharFace\CFID_0\CharID_172-144","28","602372"
"DFPJ\CharFace\CFID_0\CharID_172-3","26","745594"
"DFPJ\CharFace\CFID_0\CharID_172-4","16","412570"
"DFPJ\CharFace\CFID_0\CharID_173-0","10","202820"
"DFPJ\CharFace\CFID_0\CharID_173-2","10","175508"
"DFPJ\CharFace\CFID_0\CharID_173-4","10","235788"
"DFPJ\CharFace\CFID_0\CharID_174-0","11","240316"
"DFPJ\CharFace\CFID_0\CharID_174-1","13","216780"
"DFPJ\CharFace\CFID_0\CharID_174-145","29","530328"
"DFPJ\CharFace\CFID_0\CharID_174-146","17","275984"
"DFPJ\CharFace\CFID_0\CharID_174-29","12","324660"
"DFPJ\CharFace\CFID_0\CharID_174-3","14","221328"
"DFPJ\CharFace\CFID_0\CharID_174-30","23","565332"
"DFPJ\CharFace\CFID_0\CharID_174-31","14","355052"
"DFPJ\CharFace\CFID_0\CharID_174-32","16","353764"
"DFPJ\CharFace\CFID_0\CharID_174-4","17","238628"
"DFPJ\CharFace\CFID_0\CharID_175-0","11","263268"
"DFPJ\CharFace\CFID_0\CharID_175-1","13","313100"
"DFPJ\CharFace\CFID_0\CharID_175-2","14","397674"
"DFPJ\CharFace\CFID_0\CharID_175-3","14","306418"
"DFPJ\CharFace\CFID_0\CharID_175-4","14","349194"
"DFPJ\CharFace\CFID_0\CharID_176-0","12","222942"
"DFPJ\CharFace\CFID_0\CharID_176-1","13","181254"
"DFPJ\CharFace\CFID_0\CharID_176-2","15","234608"
"DFPJ\CharFace\CFID_0\CharID_176-3","14","190046"
"DFPJ\CharFace\CFID_0\CharID_176-4","15","264862"
"DFPJ\CharFace\CFID_0\CharID_177-0","11","249152"
"DFPJ\CharFace\CFID_0\CharID_177-1","12","297266"
"DFPJ\CharFace\CFID_0\CharID_177-2","15","314686"
"DFPJ\CharFace\CFID_0\CharID_177-3","15","366434"
"DFPJ\CharFace\CFID_0\CharID_177-4","15","452360"
"DFPJ\CharFace\CFID_0\CharID_178-0","11","189246"
"DFPJ\CharFace\CFID_0\CharID_178-1","13","200432"
"DFPJ\CharFace\CFID_0\CharID_178-2","14","194048"
"DFPJ\CharFace\CFID_0\CharID_178-3","14","193050"
"DFPJ\CharFace\CFID_0\CharID_178-4","15","245534"
"DFPJ\CharFace\CFID_0\CharID_179-0","13","262104"
"DFPJ\CharFace\CFID_0\CharID_179-1","15","344960"
"DFPJ\CharFace\CFID_0\CharID_179-2","18","283090"
"DFPJ\CharFace\CFID_0\CharID_179-3","16","337756"
"DFPJ\CharFace\CFID_0\CharID_179-4","18","255334"
"DFPJ\CharFace\CFID_0\CharID_18-0","11","290498"
"DFPJ\CharFace\CFID_0\CharID_18-1","15","280004"
"DFPJ\CharFace\CFID_0\CharID_18-2","17","341410"
"DFPJ\CharFace\CFID_0\CharID_18-3","16","282168"
"DFPJ\CharFace\CFID_0\CharID_18-4","26","713578"
"DFPJ\CharFace\CFID_0\CharID_180-2","54","985880"
"DFPJ\CharFace\CFID_0\CharID_181-0","11","233294"
"DFPJ\CharFace\CFID_0\CharID_181-1","15","363894"
"DFPJ\CharFace\CFID_0\CharID_181-2","26","428158"
"DFPJ\CharFace\CFID_0\CharID_181-26","15","303918"
"DFPJ\CharFace\CFID_0\CharID_181-3","17","387384"
"DFPJ\CharFace\CFID_0\CharID_182-0","10","212488"
"DFPJ\CharFace\CFID_0\CharID_182-2","16","261580"
"DFPJ\CharFace\CFID_0\CharID_183-0","11","254794"
"DFPJ\CharFace\CFID_0\CharID_183-1","25","557826"
"DFPJ\CharFace\CFID_0\CharID_183-147","27","588072"
"DFPJ\CharFace\CFID_0\CharID_183-2","14","233722"
"DFPJ\CharFace\CFID_0\CharID_183-27","27","812130"
"DFPJ\CharFace\CFID_0\CharID_183-3","14","239140"
"DFPJ\CharFace\CFID_0\CharID_183-4","15","305410"
"DFPJ\CharFace\CFID_0\CharID_183-5","13","235378"
"DFPJ\CharFace\CFID_0\CharID_183-6","14","293270"
"DFPJ\CharFace\CFID_0\CharID_184-1","16","392638"
"DFPJ\CharFace\CFID_0\CharID_184-128","23","576460"
"DFPJ\CharFace\CFID_0\CharID_184-2","16","332658"
"DFPJ\CharFace\CFID_0\CharID_184-4","15","287890"
"DFPJ\CharFace\CFID_0\CharID_185-0","11","245682"
"DFPJ\CharFace\CFID_0\CharID_185-1","20","462470"
"DFPJ\CharFace\CFID_0\CharID_185-2","16","294786"
"DFPJ\CharFace\CFID_0\CharID_185-3","22","408776"
"DFPJ\CharFace\CFID_0\CharID_185-4","15","325694"
"DFPJ\CharFace\CFID_0\CharID_186-1","13","268362"
"DFPJ\CharFace\CFID_0\CharID_186-2","15","252784"
"DFPJ\CharFace\CFID_0\CharID_186-3","15","288496"
"DFPJ\CharFace\CFID_0\CharID_186-4","15","347596"
"DFPJ\CharFace\CFID_0\CharID_187-0","11","231010"
"DFPJ\CharFace\CFID_0\CharID_187-1","13","180534"
"DFPJ\CharFace\CFID_0\CharID_187-2","14","249404"
"DFPJ\CharFace\CFID_0\CharID_187-3","14","187806"
"DFPJ\CharFace\CFID_0\CharID_187-4","14","337500"
"DFPJ\CharFace\CFID_0\CharID_188-1","15","311356"
"DFPJ\CharFace\CFID_0\CharID_188-2","15","360038"
"DFPJ\CharFace\CFID_0\CharID_188-3","17","334326"
"DFPJ\CharFace\CFID_0\CharID_188-4","17","455662"
"DFPJ\CharFace\CFID_0\CharID_189-1","15","353748"
"DFPJ\CharFace\CFID_0\CharID_189-2","16","340974"
"DFPJ\CharFace\CFID_0\CharID_189-3","16","331946"
"DFPJ\CharFace\CFID_0\CharID_189-4","16","378794"
"DFPJ\CharFace\CFID_0\CharID_19-0","11","338600"
"DFPJ\CharFace\CFID_0\CharID_19-1","20","649768"
"DFPJ\CharFace\CFID_0\CharID_19-24","27","484280"
"DFPJ\CharFace\CFID_0\CharID_19-25","16","441252"
"DFPJ\CharFace\CFID_0\CharID_19-3","22","615866"
"DFPJ\CharFace\CFID_0\CharID_19-4","16","412306"
"DFPJ\CharFace\CFID_0\CharID_190-1","13","320018"
"DFPJ\CharFace\CFID_0\CharID_190-2","17","430916"
"DFPJ\CharFace\CFID_0\CharID_190-3","14","311092"
"DFPJ\CharFace\CFID_0\CharID_190-4","16","384616"
"DFPJ\CharFace\CFID_0\CharID_191-1","13","358924"
"DFPJ\CharFace\CFID_0\CharID_191-2","16","493700"
"DFPJ\CharFace\CFID_0\CharID_191-3","14","371802"
"DFPJ\CharFace\CFID_0\CharID_191-4","16","434310"
"DFPJ\CharFace\CFID_0\CharID_2-0","11","208850"
"DFPJ\CharFace\CFID_0\CharID_2-1","20","537806"
"DFPJ\CharFace\CFID_0\CharID_2-2","16","316704"
"DFPJ\CharFace\CFID_0\CharID_2-3","16","327554"
"DFPJ\CharFace\CFID_0\CharID_2-4","14","396834"
"DFPJ\CharFace\CFID_0\CharID_2-5","20","568754"
"DFPJ\CharFace\CFID_0\CharID_2-6","16","450224"
"DFPJ\CharFace\CFID_0\CharID_20-0","11","186594"
"DFPJ\CharFace\CFID_0\CharID_20-1","13","274498"
"DFPJ\CharFace\CFID_0\CharID_20-2","14","177362"
"DFPJ\CharFace\CFID_0\CharID_20-26","14","295436"
"DFPJ\CharFace\CFID_0\CharID_20-3","14","283332"
"DFPJ\CharFace\CFID_0\CharID_20-4","14","312898"
"DFPJ\CharFace\CFID_0\CharID_21-1","12","252120"
"DFPJ\CharFace\CFID_0\CharID_21-2","22","383568"
"DFPJ\CharFace\CFID_0\CharID_21-3","14","213320"
"DFPJ\CharFace\CFID_0\CharID_21-4","14","319420"
"DFPJ\CharFace\CFID_0\CharID_22-0","11","300536"
"DFPJ\CharFace\CFID_0\CharID_22-1","13","414280"
"DFPJ\CharFace\CFID_0\CharID_22-2","14","369116"
"DFPJ\CharFace\CFID_0\CharID_22-27","14","415004"
"DFPJ\CharFace\CFID_0\CharID_22-3","14","344864"
"DFPJ\CharFace\CFID_0\CharID_23-1","13","400232"
"DFPJ\CharFace\CFID_0\CharID_23-2","22","563476"
"DFPJ\CharFace\CFID_0\CharID_23-3","14","397234"
"DFPJ\CharFace\CFID_0\CharID_23-4","14","320438"
"DFPJ\CharFace\CFID_0\CharID_24-0","11","240042"
"DFPJ\CharFace\CFID_0\CharID_24-1","14","329904"
"DFPJ\CharFace\CFID_0\CharID_24-2","16","296028"
"DFPJ\CharFace\CFID_0\CharID_24-28","14","350024"
"DFPJ\CharFace\CFID_0\CharID_24-3","14","310808"
"DFPJ\CharFace\CFID_0\CharID_24-4","5","128940"
"DFPJ\CharFace\CFID_0\CharID_25-0","10","195248"
"DFPJ\CharFace\CFID_0\CharID_25-1","32","833624"
"DFPJ\CharFace\CFID_0\CharID_25-10","15","257144"
"DFPJ\CharFace\CFID_0\CharID_25-27","16","319228"
"DFPJ\CharFace\CFID_0\CharID_25-29","15","380240"
"DFPJ\CharFace\CFID_0\CharID_25-30","23","519498"
"DFPJ\CharFace\CFID_0\CharID_25-31","15","338936"
"DFPJ\CharFace\CFID_0\CharID_25-32","16","475690"
"DFPJ\CharFace\CFID_0\CharID_25-33","30","624900"
"DFPJ\CharFace\CFID_0\CharID_25-34","30","627462"
"DFPJ\CharFace\CFID_0\CharID_25-35","13","268198"
"DFPJ\CharFace\CFID_0\CharID_25-36","18","481460"
"DFPJ\CharFace\CFID_0\CharID_25-37","10","223468"
"DFPJ\CharFace\CFID_0\CharID_25-38","14","226050"
"DFPJ\CharFace\CFID_0\CharID_25-4","17","416104"
"DFPJ\CharFace\CFID_0\CharID_26-1","13","330468"
"DFPJ\CharFace\CFID_0\CharID_26-2","22","593694"
"DFPJ\CharFace\CFID_0\CharID_26-3","14","325268"
"DFPJ\CharFace\CFID_0\CharID_26-4","14","273442"
"DFPJ\CharFace\CFID_0\CharID_27-0","11","265920"
"DFPJ\CharFace\CFID_0\CharID_27-1","25","750006"
"DFPJ\CharFace\CFID_0\CharID_27-2","16","356432"
"DFPJ\CharFace\CFID_0\CharID_27-3","27","788428"
"DFPJ\CharFace\CFID_0\CharID_27-39","17","385682"
"DFPJ\CharFace\CFID_0\CharID_27-40","5","86538"
"DFPJ\CharFace\CFID_0\CharID_27-41","5","102256"
"DFPJ\CharFace\CFID_0\CharID_27-42","5","99690"
"DFPJ\CharFace\CFID_0\CharID_28-0","11","301450"
"DFPJ\CharFace\CFID_0\CharID_28-1","25","843036"
"DFPJ\CharFace\CFID_0\CharID_28-13","16","427424"
"DFPJ\CharFace\CFID_0\CharID_28-3","27","881922"
"DFPJ\CharFace\CFID_0\CharID_28-4","17","469964"
"DFPJ\CharFace\CFID_0\CharID_28-43","31","622846"
"DFPJ\CharFace\CFID_0\CharID_29-0","11","232294"
"DFPJ\CharFace\CFID_0\CharID_29-1","13","288806"
"DFPJ\CharFace\CFID_0\CharID_29-2","14","175748"
"DFPJ\CharFace\CFID_0\CharID_29-3","14","279520"
"DFPJ\CharFace\CFID_0\CharID_29-4","15","268214"
"DFPJ\CharFace\CFID_0\CharID_3-0","11","275658"
"DFPJ\CharFace\CFID_0\CharID_3-1","16","403682"
"DFPJ\CharFace\CFID_0\CharID_3-3","15","364788"
"DFPJ\CharFace\CFID_0\CharID_3-4","33","962266"
"DFPJ\CharFace\CFID_0\CharID_3-7","27","567358"
"DFPJ\CharFace\CFID_0\CharID_3-8","16","321234"
"DFPJ\CharFace\CFID_0\CharID_30-0","11","241728"
"DFPJ\CharFace\CFID_0\CharID_30-1","20","459886"
"DFPJ\CharFace\CFID_0\CharID_30-2","16","232542"
"DFPJ\CharFace\CFID_0\CharID_30-3","22","395460"
"DFPJ\CharFace\CFID_0\CharID_30-4","17","311726"
"DFPJ\CharFace\CFID_0\CharID_31-0","11","290812"
"DFPJ\CharFace\CFID_0\CharID_31-1","17","348464"
"DFPJ\CharFace\CFID_0\CharID_31-2","16","316198"
"DFPJ\CharFace\CFID_0\CharID_31-3","18","346672"
"DFPJ\CharFace\CFID_0\CharID_31-4","16","426996"
"DFPJ\CharFace\CFID_0\CharID_32-0","11","190084"
"DFPJ\CharFace\CFID_0\CharID_32-1","21","503704"
"DFPJ\CharFace\CFID_0\CharID_32-2","17","286610"
"DFPJ\CharFace\CFID_0\CharID_32-3","22","442786"
"DFPJ\CharFace\CFID_0\CharID_32-9","15","275492"
"DFPJ\CharFace\CFID_0\CharID_33-2","54","685202"
"DFPJ\CharFace\CFID_0\CharID_34-0","11","244758"
"DFPJ\CharFace\CFID_0\CharID_34-1","13","334618"
"DFPJ\CharFace\CFID_0\CharID_34-2","14","237174"
"DFPJ\CharFace\CFID_0\CharID_34-26","16","340720"
"DFPJ\CharFace\CFID_0\CharID_34-3","14","342924"
"DFPJ\CharFace\CFID_0\CharID_34-4","16","300100"
"DFPJ\CharFace\CFID_0\CharID_35-0","11","204742"
"DFPJ\CharFace\CFID_0\CharID_35-1","13","359814"
"DFPJ\CharFace\CFID_0\CharID_35-2","14","224340"
"DFPJ\CharFace\CFID_0\CharID_35-3","14","354572"
"DFPJ\CharFace\CFID_0\CharID_35-4","14","248614"
"DFPJ\CharFace\CFID_0\CharID_36-0","11","353012"
"DFPJ\CharFace\CFID_0\CharID_36-1","13","399678"
"DFPJ\CharFace\CFID_0\CharID_36-2","13","375454"
"DFPJ\CharFace\CFID_0\CharID_36-3","14","414176"
"DFPJ\CharFace\CFID_0\CharID_36-4","16","395244"
"DFPJ\CharFace\CFID_0\CharID_37-0","11","277044"
"DFPJ\CharFace\CFID_0\CharID_37-1","20","368088"
"DFPJ\CharFace\CFID_0\CharID_37-150","7","122874"
"DFPJ\CharFace\CFID_0\CharID_37-151","22","295858"
"DFPJ\CharFace\CFID_0\CharID_37-2","19","325732"
"DFPJ\CharFace\CFID_0\CharID_37-3","23","374542"
"DFPJ\CharFace\CFID_0\CharID_37-4","15","249374"
"DFPJ\CharFace\CFID_0\CharID_38-0","11","217466"
"DFPJ\CharFace\CFID_0\CharID_38-1","26","558330"
"DFPJ\CharFace\CFID_0\CharID_38-3","29","519328"
"DFPJ\CharFace\CFID_0\CharID_38-44","29","477656"
"DFPJ\CharFace\CFID_0\CharID_38-45","20","308940"
"DFPJ\CharFace\CFID_0\CharID_38-46","25","416350"
"DFPJ\CharFace\CFID_0\CharID_38-47","19","279112"
"DFPJ\CharFace\CFID_0\CharID_38-48","13","204814"
"DFPJ\CharFace\CFID_0\CharID_39-0","11","276848"
"DFPJ\CharFace\CFID_0\CharID_39-1","13","347800"
"DFPJ\CharFace\CFID_0\CharID_39-2","27","760762"
"DFPJ\CharFace\CFID_0\CharID_39-3","14","353726"
"DFPJ\CharFace\CFID_0\CharID_39-9","22","616212"
"DFPJ\CharFace\CFID_0\CharID_4-0","11","250650"
"DFPJ\CharFace\CFID_0\CharID_4-1","30","688260"
"DFPJ\CharFace\CFID_0\CharID_4-2","15","344592"
"DFPJ\CharFace\CFID_0\CharID_4-3","15","235246"
"DFPJ\CharFace\CFID_0\CharID_4-4","28","663626"
"DFPJ\CharFace\CFID_0\CharID_40-2","9","122762"
"DFPJ\CharFace\CFID_0\CharID_41-0","12","297288"
"DFPJ\CharFace\CFID_0\CharID_41-1","13","294886"
"DFPJ\CharFace\CFID_0\CharID_41-2","14","410570"
"DFPJ\CharFace\CFID_0\CharID_41-3","15","319004"
"DFPJ\CharFace\CFID_0\CharID_41-4","15","393514"
"DFPJ\CharFace\CFID_0\CharID_42-0","12","271544"
"DFPJ\CharFace\CFID_0\CharID_42-1","13","307738"
"DFPJ\CharFace\CFID_0\CharID_42-2","14","389202"
"DFPJ\CharFace\CFID_0\CharID_42-3","14","315250"
"DFPJ\CharFace\CFID_0\CharID_42-4","14","394804"
"DFPJ\CharFace\CFID_0\CharID_43-2","54","888322"
"DFPJ\CharFace\CFID_0\CharID_44-1","13","421854"
"DFPJ\CharFace\CFID_0\CharID_44-2","22","484114"
"DFPJ\CharFace\CFID_0\CharID_44-3","14","405104"
"DFPJ\CharFace\CFID_0\CharID_44-4","15","287704"
"DFPJ\CharFace\CFID_0\CharID_45-0","11","247916"
"DFPJ\CharFace\CFID_0\CharID_45-2","14","201674"
"DFPJ\CharFace\CFID_0\CharID_45-27","14","334148"
"DFPJ\CharFace\CFID_0\CharID_45-3","14","303572"
"DFPJ\CharFace\CFID_0\CharID_46-49","14","272600"
"DFPJ\CharFace\CFID_0\CharID_46-50","14","260216"
"DFPJ\CharFace\CFID_0\CharID_46-51","14","218716"
"DFPJ\CharFace\CFID_0\CharID_47-17","14","251108"
"DFPJ\CharFace\CFID_0\CharID_47-18","14","244656"
"DFPJ\CharFace\CFID_0\CharID_47-19","14","230616"
"DFPJ\CharFace\CFID_0\CharID_48-0","11","279846"
"DFPJ\CharFace\CFID_0\CharID_48-1","20","710800"
"DFPJ\CharFace\CFID_0\CharID_48-2","14","280158"
"DFPJ\CharFace\CFID_0\CharID_48-3","22","694586"
"DFPJ\CharFace\CFID_0\CharID_48-4","16","338266"
"DFPJ\CharFace\CFID_0\CharID_49-0","12","306804"
"DFPJ\CharFace\CFID_0\CharID_49-1","13","269802"
"DFPJ\CharFace\CFID_0\CharID_49-2","15","312456"
"DFPJ\CharFace\CFID_0\CharID_49-3","15","296072"
"DFPJ\CharFace\CFID_0\CharID_49-4","15","380594"
"DFPJ\CharFace\CFID_0\CharID_5-0","11","242072"
"DFPJ\CharFace\CFID_0\CharID_5-1","20","481500"
"DFPJ\CharFace\CFID_0\CharID_5-2","16","214084"
"DFPJ\CharFace\CFID_0\CharID_5-3","22","465712"
"DFPJ\CharFace\CFID_0\CharID_5-9","22","616084"
"DFPJ\CharFace\CFID_0\CharID_50-0","11","286182"
"DFPJ\CharFace\CFID_0\CharID_50-1","13","330292"
"DFPJ\CharFace\CFID_0\CharID_50-2","14","343690"
"DFPJ\CharFace\CFID_0\CharID_50-3","13","314542"
"DFPJ\CharFace\CFID_0\CharID_50-4","14","374922"
"DFPJ\CharFace\CFID_0\CharID_51-0","11","208036"
"DFPJ\CharFace\CFID_0\CharID_51-1","20","343376"
"DFPJ\CharFace\CFID_0\CharID_51-2","16","233064"
"DFPJ\CharFace\CFID_0\CharID_51-3","22","292130"
"DFPJ\CharFace\CFID_0\CharID_51-4","17","271542"
"DFPJ\CharFace\CFID_0\CharID_52-0","11","233660"
"DFPJ\CharFace\CFID_0\CharID_52-2","16","254146"
"DFPJ\CharFace\CFID_0\CharID_52-27","23","512420"
"DFPJ\CharFace\CFID_0\CharID_52-3","14","217600"
"DFPJ\CharFace\CFID_0\CharID_52-52","15","223040"
"DFPJ\CharFace\CFID_0\CharID_52-53","23","463322"
"DFPJ\CharFace\CFID_0\CharID_53-0","11","293492"
"DFPJ\CharFace\CFID_0\CharID_53-1","13","302728"
"DFPJ\CharFace\CFID_0\CharID_53-2","14","356752"
"DFPJ\CharFace\CFID_0\CharID_53-3","14","313992"
"DFPJ\CharFace\CFID_0\CharID_53-4","14","408256"
"DFPJ\CharFace\CFID_0\CharID_54-0","11","257058"
"DFPJ\CharFace\CFID_0\CharID_54-1","24","532238"
"DFPJ\CharFace\CFID_0\CharID_54-2","20","363400"
"DFPJ\CharFace\CFID_0\CharID_54-3","25","452784"
"DFPJ\CharFace\CFID_0\CharID_54-9","16","305896"
"DFPJ\CharFace\CFID_0\CharID_55-0","11","334748"
"DFPJ\CharFace\CFID_0\CharID_55-1","21","790562"
"DFPJ\CharFace\CFID_0\CharID_55-2","14","369776"
"DFPJ\CharFace\CFID_0\CharID_55-27","25","852906"
"DFPJ\CharFace\CFID_0\CharID_55-4","15","316104"
"DFPJ\CharFace\CFID_0\CharID_55-54","23","704910"
"DFPJ\CharFace\CFID_0\CharID_56-0","11","296200"
"DFPJ\CharFace\CFID_0\CharID_56-1","14","354744"
"DFPJ\CharFace\CFID_0\CharID_56-2","14","245826"
"DFPJ\CharFace\CFID_0\CharID_56-3","16","376286"
"DFPJ\CharFace\CFID_0\CharID_56-4","14","224656"
"DFPJ\CharFace\CFID_0\CharID_57-0","11","284500"
"DFPJ\CharFace\CFID_0\CharID_57-1","24","592604"
"DFPJ\CharFace\CFID_0\CharID_57-10","15","271744"
"DFPJ\CharFace\CFID_0\CharID_57-2","14","222542"
"DFPJ\CharFace\CFID_0\CharID_57-3","26","588716"
"DFPJ\CharFace\CFID_0\CharID_57-38","14","192054"
"DFPJ\CharFace\CFID_0\CharID_57-4","14","305348"
"DFPJ\CharFace\CFID_0\CharID_58-1","13","231866"
"DFPJ\CharFace\CFID_0\CharID_58-2","22","401956"
"DFPJ\CharFace\CFID_0\CharID_58-3","14","197130"
"DFPJ\CharFace\CFID_0\CharID_58-4","13","196612"
"DFPJ\CharFace\CFID_0\CharID_59-0","11","216144"
"DFPJ\CharFace\CFID_0\CharID_59-1","22","549994"
"DFPJ\CharFace\CFID_0\CharID_59-2","21","282662"
"DFPJ\CharFace\CFID_0\CharID_59-3","24","504560"
"DFPJ\CharFace\CFID_0\CharID_59-33","14","215776"
"DFPJ\CharFace\CFID_0\CharID_59-34","14","240486"
"DFPJ\CharFace\CFID_0\CharID_59-4","21","483756"
"DFPJ\CharFace\CFID_0\CharID_6-0","11","317924"
"DFPJ\CharFace\CFID_0\CharID_6-1","20","511278"
"DFPJ\CharFace\CFID_0\CharID_6-2","16","378294"
"DFPJ\CharFace\CFID_0\CharID_6-3","22","509536"
"DFPJ\CharFace\CFID_0\CharID_6-9","22","764318"
"DFPJ\CharFace\CFID_0\CharID_60-0","11","271596"
"DFPJ\CharFace\CFID_0\CharID_60-1","13","379272"
"DFPJ\CharFace\CFID_0\CharID_60-2","14","242600"
"DFPJ\CharFace\CFID_0\CharID_60-3","14","343344"
"DFPJ\CharFace\CFID_0\CharID_60-4","14","254330"
"DFPJ\CharFace\CFID_0\CharID_61-0","11","215722"
"DFPJ\CharFace\CFID_0\CharID_61-1","12","243858"
"DFPJ\CharFace\CFID_0\CharID_61-2","8","139654"
"DFPJ\CharFace\CFID_0\CharID_61-3","14","233030"
"DFPJ\CharFace\CFID_0\CharID_61-4","13","348808"
"DFPJ\CharFace\CFID_0\CharID_62-0","12","305552"
"DFPJ\CharFace\CFID_0\CharID_62-1","13","384652"
"DFPJ\CharFace\CFID_0\CharID_62-2","14","302764"
"DFPJ\CharFace\CFID_0\CharID_62-3","14","376680"
"DFPJ\CharFace\CFID_0\CharID_62-4","14","276700"
"DFPJ\CharFace\CFID_0\CharID_63-0","11","214970"
"DFPJ\CharFace\CFID_0\CharID_63-1","13","276398"
"DFPJ\CharFace\CFID_0\CharID_63-2","13","239440"
"DFPJ\CharFace\CFID_0\CharID_63-3","14","288664"
"DFPJ\CharFace\CFID_0\CharID_63-4","15","293448"
"DFPJ\CharFace\CFID_0\CharID_64-0","11","244678"
"DFPJ\CharFace\CFID_0\CharID_64-1","10","224904"
"DFPJ\CharFace\CFID_0\CharID_64-2","20","343282"
"DFPJ\CharFace\CFID_0\CharID_64-3","10","200500"
"DFPJ\CharFace\CFID_0\CharID_64-38","14","187806"
"DFPJ\CharFace\CFID_0\CharID_64-4","14","296936"
"DFPJ\CharFace\CFID_0\CharID_65-1","13","316368"
"DFPJ\CharFace\CFID_0\CharID_65-2","22","574020"
"DFPJ\CharFace\CFID_0\CharID_65-3","14","318626"
"DFPJ\CharFace\CFID_0\CharID_65-4","14","385680"
"DFPJ\CharFace\CFID_0\CharID_66-1","14","344404"
"DFPJ\CharFace\CFID_0\CharID_66-2","16","325376"
"DFPJ\CharFace\CFID_0\CharID_66-3","16","358088"
"DFPJ\CharFace\CFID_0\CharID_66-4","25","702848"
"DFPJ\CharFace\CFID_0\CharID_67-2","54","1010224"
"DFPJ\CharFace\CFID_0\CharID_68-0","11","229478"
"DFPJ\CharFace\CFID_0\CharID_68-1","20","440042"
"DFPJ\CharFace\CFID_0\CharID_68-2","16","252610"
"DFPJ\CharFace\CFID_0\CharID_68-3","22","397328"
"DFPJ\CharFace\CFID_0\CharID_68-9","14","237810"
"DFPJ\CharFace\CFID_0\CharID_69-2","14","252002"
"DFPJ\CharFace\CFID_0\CharID_7-0","11","261508"
"DFPJ\CharFace\CFID_0\CharID_7-1","20","399440"
"DFPJ\CharFace\CFID_0\CharID_7-10","17","224048"
"DFPJ\CharFace\CFID_0\CharID_7-2","15","239030"
"DFPJ\CharFace\CFID_0\CharID_7-3","22","397888"
"DFPJ\CharFace\CFID_0\CharID_7-4","14","276068"
"DFPJ\CharFace\CFID_0\CharID_70-0","12","299990"
"DFPJ\CharFace\CFID_0\CharID_70-1","13","335306"
"DFPJ\CharFace\CFID_0\CharID_70-2","16","284826"
"DFPJ\CharFace\CFID_0\CharID_70-3","14","308764"
"DFPJ\CharFace\CFID_0\CharID_70-4","17","448026"
"DFPJ\CharFace\CFID_0\CharID_71-0","11","233258"
"DFPJ\CharFace\CFID_0\CharID_71-1","13","301266"
"DFPJ\CharFace\CFID_0\CharID_71-2","14","193946"
"DFPJ\CharFace\CFID_0\CharID_71-3","14","281486"
"DFPJ\CharFace\CFID_0\CharID_71-4","15","193660"
"DFPJ\CharFace\CFID_0\CharID_72-0","11","271094"
"DFPJ\CharFace\CFID_0\CharID_72-1","13","306400"
"DFPJ\CharFace\CFID_0\CharID_72-2","14","301236"
"DFPJ\CharFace\CFID_0\CharID_72-3","14","311872"
"DFPJ\CharFace\CFID_0\CharID_72-4","16","465826"
"DFPJ\CharFace\CFID_0\CharID_73-0","11","191794"
"DFPJ\CharFace\CFID_0\CharID_73-1","20","605380"
"DFPJ\CharFace\CFID_0\CharID_73-2","16","295026"
"DFPJ\CharFace\CFID_0\CharID_73-3","22","580918"
"DFPJ\CharFace\CFID_0\CharID_73-4","22","609792"
"DFPJ\CharFace\CFID_0\CharID_74-0","11","213060"
"DFPJ\CharFace\CFID_0\CharID_74-1","13","267104"
"DFPJ\CharFace\CFID_0\CharID_74-2","14","248034"
"DFPJ\CharFace\CFID_0\CharID_74-3","14","277234"
"DFPJ\CharFace\CFID_0\CharID_74-4","14","282968"
"DFPJ\CharFace\CFID_0\CharID_75-1","16","353462"
"DFPJ\CharFace\CFID_0\CharID_75-2","23","531504"
"DFPJ\CharFace\CFID_0\CharID_75-3","16","324636"
"DFPJ\CharFace\CFID_0\CharID_75-4","18","392560"
"DFPJ\CharFace\CFID_0\CharID_76-0","10","144030"
"DFPJ\CharFace\CFID_0\CharID_76-1","21","246186"
"DFPJ\CharFace\CFID_0\CharID_76-2","21","168684"
"DFPJ\CharFace\CFID_0\CharID_76-3","19","210982"
"DFPJ\CharFace\CFID_0\CharID_76-4","19","278324"
"DFPJ\CharFace\CFID_0\CharID_77-0","11","233870"
"DFPJ\CharFace\CFID_0\CharID_77-1","25","477228"
"DFPJ\CharFace\CFID_0\CharID_77-2","16","277908"
"DFPJ\CharFace\CFID_0\CharID_77-3","28","534470"
"DFPJ\CharFace\CFID_0\CharID_77-4","16","505110"
"DFPJ\CharFace\CFID_0\CharID_77-55","14","265262"
"DFPJ\CharFace\CFID_0\CharID_78-15","6","57940"
"DFPJ\CharFace\CFID_0\CharID_79-1","13","212396"
"DFPJ\CharFace\CFID_0\CharID_79-2","22","506510"
"DFPJ\CharFace\CFID_0\CharID_79-3","14","209430"
"DFPJ\CharFace\CFID_0\CharID_79-4","16","374636"
"DFPJ\CharFace\CFID_0\CharID_8-0","10","257974"
"DFPJ\CharFace\CFID_0\CharID_8-1","13","257574"
"DFPJ\CharFace\CFID_0\CharID_8-11","10","130618"
"DFPJ\CharFace\CFID_0\CharID_8-12","10","130668"
"DFPJ\CharFace\CFID_0\CharID_8-13","14","237884"
"DFPJ\CharFace\CFID_0\CharID_8-14","10","162428"
"DFPJ\CharFace\CFID_0\CharID_8-2","9","165586"
"DFPJ\CharFace\CFID_0\CharID_8-4","14","265538"
"DFPJ\CharFace\CFID_0\CharID_80-0","11","249034"
"DFPJ\CharFace\CFID_0\CharID_80-27","14","341756"
"DFPJ\CharFace\CFID_0\CharID_80-3","15","301280"
"DFPJ\CharFace\CFID_0\CharID_80-56","27","515750"
"DFPJ\CharFace\CFID_0\CharID_80-57","16","300450"
"DFPJ\CharFace\CFID_0\CharID_81-0","11","245944"
"DFPJ\CharFace\CFID_0\CharID_81-1","13","325568"
"DFPJ\CharFace\CFID_0\CharID_81-2","14","236670"
"DFPJ\CharFace\CFID_0\CharID_81-3","14","333244"
"DFPJ\CharFace\CFID_0\CharID_81-4","14","293488"
"DFPJ\CharFace\CFID_0\CharID_82-0","11","263572"
"DFPJ\CharFace\CFID_0\CharID_82-1","20","509144"
"DFPJ\CharFace\CFID_0\CharID_82-3","22","492182"
"DFPJ\CharFace\CFID_0\CharID_82-4","14","258830"
"DFPJ\CharFace\CFID_0\CharID_82-58","27","492858"
"DFPJ\CharFace\CFID_0\CharID_82-59","16","314642"
"DFPJ\CharFace\CFID_0\CharID_83-0","11","236930"
"DFPJ\CharFace\CFID_0\CharID_83-1","13","366756"
"DFPJ\CharFace\CFID_0\CharID_83-2","13","277264"
"DFPJ\CharFace\CFID_0\CharID_83-3","14","366950"
"DFPJ\CharFace\CFID_0\CharID_83-4","14","272522"
"DFPJ\CharFace\CFID_0\CharID_84-0","11","259386"
"DFPJ\CharFace\CFID_0\CharID_84-1","20","728242"
"DFPJ\CharFace\CFID_0\CharID_84-2","15","304168"
"DFPJ\CharFace\CFID_0\CharID_84-3","23","758270"
"DFPJ\CharFace\CFID_0\CharID_84-4","23","708014"
"DFPJ\CharFace\CFID_0\CharID_85-0","11","298978"
"DFPJ\CharFace\CFID_0\CharID_85-1","20","576980"
"DFPJ\CharFace\CFID_0\CharID_85-2","14","338488"
"DFPJ\CharFace\CFID_0\CharID_85-3","22","565592"
"DFPJ\CharFace\CFID_0\CharID_85-4","14","298038"
"DFPJ\CharFace\CFID_0\CharID_86-60","11","299674"
"DFPJ\CharFace\CFID_0\CharID_86-61","20","399912"
"DFPJ\CharFace\CFID_0\CharID_86-62","17","257824"
"DFPJ\CharFace\CFID_0\CharID_86-63","23","405516"
"DFPJ\CharFace\CFID_0\CharID_86-64","14","251730"
"DFPJ\CharFace\CFID_0\CharID_87-1","12","297860"
"DFPJ\CharFace\CFID_0\CharID_87-2","22","439122"
"DFPJ\CharFace\CFID_0\CharID_87-3","14","319340"
"DFPJ\CharFace\CFID_0\CharID_87-4","14","340938"
"DFPJ\CharFace\CFID_0\CharID_88-1","13","251870"
"DFPJ\CharFace\CFID_0\CharID_88-2","22","360882"
"DFPJ\CharFace\CFID_0\CharID_88-3","14","247204"
"DFPJ\CharFace\CFID_0\CharID_88-4","14","275560"
"DFPJ\CharFace\CFID_0\CharID_89-0","11","212424"
"DFPJ\CharFace\CFID_0\CharID_89-1","17","332700"
"DFPJ\CharFace\CFID_0\CharID_89-2","16","244680"
"DFPJ\CharFace\CFID_0\CharID_89-3","16","301798"
"DFPJ\CharFace\CFID_0\CharID_89-9","14","222590"
"DFPJ\CharFace\CFID_0\CharID_9-15","8","168556"
"DFPJ\CharFace\CFID_0\CharID_90-0","11","245234"
"DFPJ\CharFace\CFID_0\CharID_90-1","20","507916"
"DFPJ\CharFace\CFID_0\CharID_90-3","22","460508"
"DFPJ\CharFace\CFID_0\CharID_90-4","14","338068"
"DFPJ\CharFace\CFID_0\CharID_90-65","27","648230"
"DFPJ\CharFace\CFID_0\CharID_90-66","16","339844"
"DFPJ\CharFace\CFID_0\CharID_91-0","11","243726"
"DFPJ\CharFace\CFID_0\CharID_91-1","14","380502"
"DFPJ\CharFace\CFID_0\CharID_91-2","14","283082"
"DFPJ\CharFace\CFID_0\CharID_91-3","15","385818"
"DFPJ\CharFace\CFID_0\CharID_91-4","14","260330"
"DFPJ\CharFace\CFID_0\CharID_92-0","12","285376"
"DFPJ\CharFace\CFID_0\CharID_92-1","25","788306"
"DFPJ\CharFace\CFID_0\CharID_92-2","17","342718"
"DFPJ\CharFace\CFID_0\CharID_92-3","26","767092"
"DFPJ\CharFace\CFID_0\CharID_92-4","16","411738"
"DFPJ\CharFace\CFID_0\CharID_93-0","11","329062"
"DFPJ\CharFace\CFID_0\CharID_93-1","20","691498"
"DFPJ\CharFace\CFID_0\CharID_93-2","16","379278"
"DFPJ\CharFace\CFID_0\CharID_93-3","21","668370"
"DFPJ\CharFace\CFID_0\CharID_93-4","14","402122"
"DFPJ\CharFace\CFID_0\CharID_94-0","11","254070"
"DFPJ\CharFace\CFID_0\CharID_94-1","24","630250"
"DFPJ\CharFace\CFID_0\CharID_94-16","14","235630"
"DFPJ\CharFace\CFID_0\CharID_94-2","27","791166"
"DFPJ\CharFace\CFID_0\CharID_94-3","27","649642"
"DFPJ\CharFace\CFID_0\CharID_94-6","16","349250"
"DFPJ\CharFace\CFID_0\CharID_94-67","10","257586"
"DFPJ\CharFace\CFID_0\CharID_94-68","7","127266"
"DFPJ\CharFace\CFID_0\CharID_95-2","14","369666"
"DFPJ\CharFace\CFID_0\CharID_96-17","14","202612"
"DFPJ\CharFace\CFID_0\CharID_96-18","14","249258"
"DFPJ\CharFace\CFID_0\CharID_96-19","14","209170"
"DFPJ\CharFace\CFID_0\CharID_97-0","11","284882"
"DFPJ\CharFace\CFID_0\CharID_97-1","26","765468"
"DFPJ\CharFace\CFID_0\CharID_97-2","16","333764"
"DFPJ\CharFace\CFID_0\CharID_97-3","27","715832"
"DFPJ\CharFace\CFID_0\CharID_97-69","7","137090"
"DFPJ\CharFace\CFID_0\CharID_97-70","14","279440"
"DFPJ\CharFace\CFID_0\CharID_98-0","11","220976"
"DFPJ\CharFace\CFID_0\CharID_98-1","12","168784"
"DFPJ\CharFace\CFID_0\CharID_98-3","15","195326"
"DFPJ\CharFace\CFID_0\CharID_98-4","14","246468"
"DFPJ\CharFace\CFID_0\CharID_98-71","14","202632"
"DFPJ\CharFace\CFID_0\CharID_99-2","14","280458"
"QNZL\CharFace\abofeisi","9","337426"
"QNZL\CharFace\aige","8","225204"
"QNZL\CharFace\ailin","6","214868"
"QNZL\CharFace\ailinna","16","647844"
"QNZL\CharFace\aishier","8","293750"
"QNZL\CharFace\aisitaliya","20","694560"
"QNZL\CharFace\aluoruisi","3","114962"
"QNZL\CharFace\aluweier","16","414922"
"QNZL\CharFace\aniekesi","7","218314"
"QNZL\CharFace\anjie","14","355480"
"QNZL\CharFace\anpusha","12","318842"
"QNZL\CharFace\baiye","15","607438"
"QNZL\CharFace\baoshi","2","70126"
"QNZL\CharFace\beier","6","210520"
"QNZL\CharFace\beikasi","15","546836"
"QNZL\CharFace\beila","9","235024"
"QNZL\CharFace\bigui","7","168996"
"QNZL\CharFace\cantinglaoban","3","50030"
"QNZL\CharFace\chiai","8","219818"
"QNZL\CharFace\chuguai","2","57870"
"QNZL\CharFace\dabosiju","18","615090"
"QNZL\CharFace\daibi","19","375440"
"QNZL\CharFace\danni","13","474334"
"QNZL\CharFace\dianna","2","72308"
"QNZL\CharFace\dinisha","14","393294"
"QNZL\CharFace\dinisha2","10","497282"
"QNZL\CharFace\diyalituo","3","64278"
"QNZL\CharFace\dudadaiwei","12","359484"
"QNZL\CharFace\feiergaina","14","358660"
"QNZL\CharFace\feiyu","8","340082"
"QNZL\CharFace\fuluola","10","315016"
"QNZL\CharFace\gelei","12","373426"
"QNZL\CharFace\guizulaotou","2","41474"
"QNZL\CharFace\heihuatao","2","55406"
"QNZL\CharFace\heimiansha","2","43842"
"QNZL\CharFace\heishen_xiaonvwu","13","316570"
"QNZL\CharFace\heishenhefu","10","264804"
"QNZL\CharFace\heishenjuexing","3","110020"
"QNZL\CharFace\heishenyina","5","113296"
"QNZL\CharFace\heishenyueyong","17","453186"
"QNZL\CharFace\heiyin","18","685514"
"QNZL\CharFace\heiyin_TMSG","18","627252"
"QNZL\CharFace\huali","23","761952"
"QNZL\CharFace\jiexisi","4","138400"
"QNZL\CharFace\jiladiya","15","464182"
"QNZL\CharFace\jiladiya_LSJR","12","465238"
"QNZL\CharFace\jiladiya_SHMY","14","462864"
"QNZL\CharFace\jiladiya2","15","519122"
"QNZL\CharFace\jinzhu","16","529150"
"QNZL\CharFace\jiyan","16","546118"
"QNZL\CharFace\jiyan_CLHQ","16","826172"
"QNZL\CharFace\kaiersi","3","96828"
"QNZL\CharFace\kaluodi","13","355892"
"QNZL\CharFace\kaluolin","10","234084"
"QNZL\CharFace\keersuna","13","382928"
"QNZL\CharFace\keleier","6","173722"
"QNZL\CharFace\keluoluo","15","472674"
"QNZL\CharFace\kuluoai","9","242702"
"QNZL\CharFace\kuluoxin","10","342992"
"QNZL\CharFace\landuo","25","656110"
"QNZL\CharFace\leilei","10","368938"
"QNZL\CharFace\lianhua","16","567900"
"QNZL\CharFace\liduo","17","609296"
"QNZL\CharFace\lilibulangni","2","52794"
"QNZL\CharFace\liliya","4","104584"
"QNZL\CharFace\liliya2","23","596104"
"QNZL\CharFace\luode","4","102050"
"QNZL\CharFace\luoshali","9","280544"
"QNZL\CharFace\luxi","18","518118"
"QNZL\CharFace\luyisi","14","459682"
"QNZL\CharFace\lv","29","947356"
"QNZL\CharFace\manao","10","371686"
"QNZL\CharFace\maojiang","2","40056"
"QNZL\CharFace\maoniangfuwuyuan","2","63114"
"QNZL\CharFace\masha","22","672238"
"QNZL\CharFace\masha2","18","485018"
"QNZL\CharFace\meikeluoka","2","57238"
"QNZL\CharFace\misheng","9","341378"
"QNZL\CharFace\miya","11","302884"
"QNZL\CharFace\mu","36","1534458"
"QNZL\CharFace\mu_DXQMY","30","1374058"
"QNZL\CharFace\nafei","11","434970"
"QNZL\CharFace\naiaomi","20","764070"
"QNZL\CharFace\naiaomi_YXYL","11","445960"
"QNZL\CharFace\nainaifu","18","569608"
"QNZL\CharFace\nuoweiya","15","470744"
"QNZL\CharFace\nuoya","15","634948"
"QNZL\CharFace\nuoya_ZCYC","13","516240"
"QNZL\CharFace\nuoya2","15","597788"
"QNZL\CharFace\peineiluopu","23","545550"
"QNZL\CharFace\pulinpudun","9","226202"
"QNZL\CharFace\qiujier","8","322338"
"QNZL\CharFace\ruibiya","16","546568"
"QNZL\CharFace\ruibiya2","19","602602"
"QNZL\CharFace\saileisidina","17","574222"
"QNZL\CharFace\saileisidina_YDZB","13","471752"
"QNZL\CharFace\sala","8","281740"
"QNZL\CharFace\sala_YZXG","14","435936"
"QNZL\CharFace\seyu","18","523846"
"QNZL\CharFace\shaonvailinna","7","199402"
"QNZL\CharFace\shaonvanna","12","282670"
"QNZL\CharFace\shenguang","7","248662"
"QNZL\CharFace\shenguang_QQYMZ","8","369054"
"QNZL\CharFace\shuixian","9","271478"
"QNZL\CharFace\tajiana","12","348718"
"QNZL\CharFace\tanlan","24","591322"
"QNZL\CharFace\tao","12","447950"
"QNZL\CharFace\tao_SFDQC","12","402126"
"QNZL\CharFace\xiaoanjie","3","85760"
"QNZL\CharFace\xiaobeikasi","15","484938"
"QNZL\CharFace\xiaobosiju","14","435726"
"QNZL\CharFace\xiaomiya","3","70048"
"QNZL\CharFace\xiaoshan","9","397270"
"QNZL\CharFace\xijujia","17","454760"
"QNZL\CharFace\xilai","17","631838"
"QNZL\CharFace\xixili","9","298380"
"QNZL\CharFace\xuebugui","7","208726"
"QNZL\CharFace\xuequan","6","168842"
"QNZL\CharFace\yetanniya","15","611606"
"QNZL\CharFace\yetanniya_ZDYS","14","564992"
"QNZL\CharFace\yikaluosi","11","273978"
"QNZL\CharFace\yila","23","680254"
"YGST\CharFace\2103","25","611460"
"YGST\CharFace\2104","32","739870"
"YGST\CharFace\2105","16","368800"
"YGST\CharFace\2106","22","556306"
"YGST\CharFace\2107","3","72298"
"YGST\CharFace\2109","2","33182"
"YGST\CharFace\2112","2","41534"
"YGST\CharFace\2114","3","51166"
"YGST\CharFace\2119","3","85764"
"YGST\CharFace\2126","2","55862"
"YGST\CharFace\2128","4","61518"
"YGST\CharFace\2148","5","160778"
"YGST\CharFace\2153","2","49178"
"YGST\CharFace\2176","2","41326"
